,id,theme
0,https://data.datatourisme.fr/13/000fac17-cff9-3918-a3d6-8edc919c8533,kb:SeaKayaking
0,https://data.datatourisme.fr/13/000fac17-cff9-3918-a3d6-8edc919c8533,kb:StandupPaddleboarding
0,https://data.datatourisme.fr/13/000fac17-cff9-3918-a3d6-8edc919c8533,kb:TowableTube
0,https://data.datatourisme.fr/13/000fac17-cff9-3918-a3d6-8edc919c8533,kb:Wakeboarding
0,https://data.datatourisme.fr/13/000fac17-cff9-3918-a3d6-8edc919c8533,kb:WaterSkiing
1,https://data.datatourisme.fr/13/016f3145-67f8-33c3-9293-109b420a9104,kb:Fishing
1,https://data.datatourisme.fr/13/016f3145-67f8-33c3-9293-109b420a9104,kb:SeaFishing
1,https://data.datatourisme.fr/13/016f3145-67f8-33c3-9293-109b420a9104,kb:Snorkeling
1,https://data.datatourisme.fr/13/016f3145-67f8-33c3-9293-109b420a9104,kb:StandupPaddleboarding
2,https://data.datatourisme.fr/13/018c05e0-d6c7-34b8-b42d-5f29245d99f2,
3,https://data.datatourisme.fr/13/019b2930-944c-3019-8e9a-9fa4aaf10797,kb:Culture
4,https://data.datatourisme.fr/13/0278689c-4ed8-3c84-8877-0e9a86826f8e,
5,https://data.datatourisme.fr/13/02a62a16-35f5-3f66-a2e9-e9867fc058c8,
6,https://data.datatourisme.fr/13/03029151-dc30-3bd5-bcb5-f9d11cd3a8b8,
7,https://data.datatourisme.fr/13/036f1d3c-de42-3cf8-9556-493ac595b82d,
8,https://data.datatourisme.fr/13/03f2b051-1a14-384a-9fea-398f41680bb5,kb:Diving
8,https://data.datatourisme.fr/13/03f2b051-1a14-384a-9fea-398f41680bb5,kb:Snorkeling
9,https://data.datatourisme.fr/13/049ce2bc-8084-362e-9106-a0207123c0dd,
10,https://data.datatourisme.fr/13/04e6e5e4-03d2-3044-a891-95e20ceb42f5,
11,https://data.datatourisme.fr/13/04e98648-8b26-3ec3-ba1b-2668c8f91467,kb:Culture
12,https://data.datatourisme.fr/13/054a6e8c-747b-3c31-bb7f-45fa98f35981,
13,https://data.datatourisme.fr/13/055acb63-b88d-3a43-ada0-d9c9bd7fcea2,
14,https://data.datatourisme.fr/13/059f8a2a-bf11-3e66-8eac-9b6c8d42682c,
15,https://data.datatourisme.fr/13/05b9955c-69c1-3ca0-be2f-e73940f667a6,kb:MediterraneanCuisine
16,https://data.datatourisme.fr/13/05edfeed-1f83-3ba6-be26-b8115a9045a2,
17,https://data.datatourisme.fr/13/072540af-fcf5-3786-a07f-d9fc79072789,
18,https://data.datatourisme.fr/13/07358aac-762c-3a78-9cde-0c11b158441e,
19,https://data.datatourisme.fr/13/0764ccdf-7405-3bf3-9b98-00090f7321f7,kb:MediterraneanCuisine
20,https://data.datatourisme.fr/13/0788209a-12f8-3944-87e1-daf8b00bb63b,
21,https://data.datatourisme.fr/13/08ad33e6-38a9-3970-8784-3f4ebfe06b25,
22,https://data.datatourisme.fr/13/09aea6cc-c59b-3875-9e43-18a7832527d1,kb:Badminton
22,https://data.datatourisme.fr/13/09aea6cc-c59b-3875-9e43-18a7832527d1,kb:Basketball
22,https://data.datatourisme.fr/13/09aea6cc-c59b-3875-9e43-18a7832527d1,kb:Bathing
22,https://data.datatourisme.fr/13/09aea6cc-c59b-3875-9e43-18a7832527d1,kb:Boxing
22,https://data.datatourisme.fr/13/09aea6cc-c59b-3875-9e43-18a7832527d1,kb:Climbing
22,https://data.datatourisme.fr/13/09aea6cc-c59b-3875-9e43-18a7832527d1,kb:Dance
22,https://data.datatourisme.fr/13/09aea6cc-c59b-3875-9e43-18a7832527d1,kb:Fitness
22,https://data.datatourisme.fr/13/09aea6cc-c59b-3875-9e43-18a7832527d1,kb:Gymnastics
22,https://data.datatourisme.fr/13/09aea6cc-c59b-3875-9e43-18a7832527d1,kb:Handball
22,https://data.datatourisme.fr/13/09aea6cc-c59b-3875-9e43-18a7832527d1,kb:MartialArts
22,https://data.datatourisme.fr/13/09aea6cc-c59b-3875-9e43-18a7832527d1,kb:PingPong
22,https://data.datatourisme.fr/13/09aea6cc-c59b-3875-9e43-18a7832527d1,kb:Squash
22,https://data.datatourisme.fr/13/09aea6cc-c59b-3875-9e43-18a7832527d1,kb:Swimming
22,https://data.datatourisme.fr/13/09aea6cc-c59b-3875-9e43-18a7832527d1,kb:Yoga
23,https://data.datatourisme.fr/13/09ca6878-fd52-36a3-85b8-fe0709fc3054,
24,https://data.datatourisme.fr/13/09cb28ae-f1db-3746-abfa-db9646d968af,
25,https://data.datatourisme.fr/13/0a3cc8e9-bd2f-386a-90e3-f17ef057aacb,
26,https://data.datatourisme.fr/13/0b356816-4108-3331-9bae-61559b8ce0a7,kb:Diving
26,https://data.datatourisme.fr/13/0b356816-4108-3331-9bae-61559b8ce0a7,kb:Snorkeling
27,https://data.datatourisme.fr/13/0b4367f3-eb4a-31bf-8269-c28f53b27322,
28,https://data.datatourisme.fr/13/0bb6ede8-6969-3254-91b0-6031e8460f41,
29,https://data.datatourisme.fr/13/0be99772-1c68-31c3-a79c-8c36295bd176,kb:Fishing
30,https://data.datatourisme.fr/13/0d036e2e-0473-3251-8e59-afee6bc744bc,
31,https://data.datatourisme.fr/13/0d13e201-b42c-3562-a3f7-8d01ecbfc3c2,
32,https://data.datatourisme.fr/13/0d4061a1-6f91-3eec-b2d0-8e935b5a504e,
33,https://data.datatourisme.fr/13/0d87d3a5-032d-32d0-bb34-534409b80610,
34,https://data.datatourisme.fr/13/0dd9cc9c-42e8-36c9-8696-1d35a791e74a,
35,https://data.datatourisme.fr/13/0f27583e-906b-34b0-a2cb-7f9bd9bd0d2f,kb:Karting
36,https://data.datatourisme.fr/13/0f42ad3b-4723-3ba4-989b-a8740bab7f13,
37,https://data.datatourisme.fr/13/0f487bc1-2691-317f-9dfe-e1c8f812158f,
38,https://data.datatourisme.fr/13/0f98987b-7382-3340-8c38-102cddaaad3a,kb:MediterraneanCuisine
39,https://data.datatourisme.fr/13/111cba22-4188-30b8-8479-4e020dcfb237,
40,https://data.datatourisme.fr/13/11dc3aee-fce9-3940-a670-ca8b18a3a313,kb:Diving
41,https://data.datatourisme.fr/13/12957ca0-1236-3c83-ab06-30d9b45ef1be,kb:MediterraneanCuisine
42,https://data.datatourisme.fr/13/1382e5fe-d4df-3ad4-8162-d9c341e4d0ed,
43,https://data.datatourisme.fr/13/13a1d585-6a94-37fb-a7a9-453b181bfe3e,kb:Bathing
44,https://data.datatourisme.fr/13/13e8d53f-e1c5-39c7-8b0e-c07d917e99f4,kb:MediterraneanCuisine
45,https://data.datatourisme.fr/13/1411b8c8-5fa9-3391-a00b-ac2c249e4201,kb:MediterraneanCuisine
46,https://data.datatourisme.fr/13/1427abf8-03eb-39c6-9814-ee91ca9fc600,
47,https://data.datatourisme.fr/13/142b24a0-ac33-3ee6-b711-e31ee1070b7f,kb:Culture
48,https://data.datatourisme.fr/13/1560d8df-d8ae-3099-ba22-39c05d9a2a92,
49,https://data.datatourisme.fr/13/156e37b8-e7c0-3caf-9e61-f208e9908684,
50,https://data.datatourisme.fr/13/163759ba-6a6e-33af-8be9-95d29d4cbb1e,
51,https://data.datatourisme.fr/13/1680731a-475d-37af-957e-2b6f87881040,kb:Pilates
51,https://data.datatourisme.fr/13/1680731a-475d-37af-957e-2b6f87881040,kb:Yoga
52,https://data.datatourisme.fr/13/16c2edd4-73c3-3516-839a-d5854fbf4f60,kb:MediterraneanCuisine
53,https://data.datatourisme.fr/13/171f6579-2c51-39dc-8d8e-f408d6d831f9,kb:Diving
53,https://data.datatourisme.fr/13/171f6579-2c51-39dc-8d8e-f408d6d831f9,kb:Snorkeling
54,https://data.datatourisme.fr/13/1763d623-1f2d-3a82-b9bf-eac1ef51ebf7,kb:Hiking
54,https://data.datatourisme.fr/13/1763d623-1f2d-3a82-b9bf-eac1ef51ebf7,kb:Pedestrian
54,https://data.datatourisme.fr/13/1763d623-1f2d-3a82-b9bf-eac1ef51ebf7,kb:Running
55,https://data.datatourisme.fr/13/1833d39f-f03d-3fe9-80cc-f7651dd26170,kb:TowableTube
55,https://data.datatourisme.fr/13/1833d39f-f03d-3fe9-80cc-f7651dd26170,kb:WaterSkiing
56,https://data.datatourisme.fr/13/18ab1f37-3eb3-3b53-a5ca-ac1245b2dc27,kb:Culture
57,https://data.datatourisme.fr/13/1b5981be-d25c-31c8-96b0-d65ce26807cc,
58,https://data.datatourisme.fr/13/1b94da7f-68e7-3201-af87-766afd79e82c,kb:Buggy
58,https://data.datatourisme.fr/13/1b94da7f-68e7-3201-af87-766afd79e82c,kb:FourWheelDrive
59,https://data.datatourisme.fr/13/1be0e064-ae75-30ed-807e-49ec5c8bb538,
60,https://data.datatourisme.fr/13/1c116d17-aedc-3c19-8e48-ff9f8678c07d,
61,https://data.datatourisme.fr/13/1c2dfdaf-add6-3edb-a02d-27091427cdba,
62,https://data.datatourisme.fr/13/1cf83a96-188b-399d-885a-5548da8638fd,kb:Culture
63,https://data.datatourisme.fr/13/1d317cc9-dff2-3c54-9995-a58145ec4cad,kb:Culture
64,https://data.datatourisme.fr/13/1d416510-d4b1-3552-b723-1a543fbd57ff,
65,https://data.datatourisme.fr/13/1de6ea7c-e94f-34b5-9a70-6f699ed0b9f5,
66,https://data.datatourisme.fr/13/1e101471-7b01-3017-bb52-ec6c61737bc7,
67,https://data.datatourisme.fr/13/1eb722d7-5a3b-3362-be8d-00ac9f705480,
68,https://data.datatourisme.fr/13/1f6e625b-bb80-3dcf-9d3d-c4a145d4e7f5,
69,https://data.datatourisme.fr/13/1f917c08-5f60-3d75-ab8d-1a54bf0688ac,kb:Golf
70,https://data.datatourisme.fr/13/1fe0c379-f39a-3ddf-b96d-73b20522aca4,kb:Wakeboarding
70,https://data.datatourisme.fr/13/1fe0c379-f39a-3ddf-b96d-73b20522aca4,kb:WaterSkiing
71,https://data.datatourisme.fr/13/201e7651-abbd-321d-9b8b-a6accbd1996e,
72,https://data.datatourisme.fr/13/2063d655-776c-3c8e-acba-df10d3557b99,
73,https://data.datatourisme.fr/13/208845bd-9611-3f58-8b54-a9323c5b6d36,
74,https://data.datatourisme.fr/13/2185a9d7-066e-3482-bfd8-d56a3ad892cb,kb:Culture
75,https://data.datatourisme.fr/13/222b7ed4-78dd-39db-a294-697b2f222d52,kb:Bathing
76,https://data.datatourisme.fr/13/231c154e-888f-3421-aa09-2926a2ed7089,kb:Hiking
76,https://data.datatourisme.fr/13/231c154e-888f-3421-aa09-2926a2ed7089,kb:Pedestrian
76,https://data.datatourisme.fr/13/231c154e-888f-3421-aa09-2926a2ed7089,kb:Running
77,https://data.datatourisme.fr/13/23b0a9da-82cc-3257-ab04-43571d0bb966,
78,https://data.datatourisme.fr/13/23d4242f-2836-3a9d-8bc7-dc8660754a82,kb:PonyRide
78,https://data.datatourisme.fr/13/23d4242f-2836-3a9d-8bc7-dc8660754a82,kb:Riding
79,https://data.datatourisme.fr/13/2492a664-cb8d-3d27-9b86-6485b2146bd2,
80,https://data.datatourisme.fr/13/24d8f50b-73e1-336a-b9bf-173609e43eef,
81,https://data.datatourisme.fr/13/24e7844a-d527-3b76-873d-df63a26085c9,kb:Culture
82,https://data.datatourisme.fr/13/25a19176-3582-38a1-8d6f-f4f8460df42a,kb:Culture
83,https://data.datatourisme.fr/13/25a3779c-8f72-359a-8ff6-0473f18d7b2a,kb:Culture
84,https://data.datatourisme.fr/13/25dd6d0b-1c22-33e2-bbdf-bc44f2d31cd6,
85,https://data.datatourisme.fr/13/262ab102-dbe9-3201-92bb-1cd68808f47a,
86,https://data.datatourisme.fr/13/26d0a8e0-fbf4-3934-8fac-1b8338fd06d0,
87,https://data.datatourisme.fr/13/27bd6834-3c88-3fb4-bff6-134a6889e190,kb:MediterraneanCuisine
88,https://data.datatourisme.fr/13/27c8c570-a8db-3df1-850f-69d3d87b6866,kb:AdventureCourse
88,https://data.datatourisme.fr/13/27c8c570-a8db-3df1-850f-69d3d87b6866,kb:Canyoning
88,https://data.datatourisme.fr/13/27c8c570-a8db-3df1-850f-69d3d87b6866,kb:Caving
88,https://data.datatourisme.fr/13/27c8c570-a8db-3df1-850f-69d3d87b6866,kb:Hiking
88,https://data.datatourisme.fr/13/27c8c570-a8db-3df1-850f-69d3d87b6866,kb:RopeCourse
88,https://data.datatourisme.fr/13/27c8c570-a8db-3df1-850f-69d3d87b6866,kb:Trail
88,https://data.datatourisme.fr/13/27c8c570-a8db-3df1-850f-69d3d87b6866,kb:ViaCordata
89,https://data.datatourisme.fr/13/28422c87-8985-30d8-a2d3-4d645cca5bdc,
90,https://data.datatourisme.fr/13/2adc3e32-2c68-3c9b-bf90-bd689fcc5aa0,kb:MediterraneanCuisine
91,https://data.datatourisme.fr/13/2b17c471-c0ec-3546-985b-8cfcfe942586,
92,https://data.datatourisme.fr/13/2b5fb8a1-a2ef-38c9-adb0-9068da5905dd,kb:Culture
93,https://data.datatourisme.fr/13/2bb2d533-0638-3e49-a7f9-daa0ac8907a7,kb:Culture
94,https://data.datatourisme.fr/13/2c2d9192-686a-3afe-b405-e6e7c4bfb9e2,
95,https://data.datatourisme.fr/13/2c86c485-dee6-3eb5-8774-c859d286acc4,kb:Canyoning
95,https://data.datatourisme.fr/13/2c86c485-dee6-3eb5-8774-c859d286acc4,kb:Climbing
95,https://data.datatourisme.fr/13/2c86c485-dee6-3eb5-8774-c859d286acc4,kb:Mountaineering
95,https://data.datatourisme.fr/13/2c86c485-dee6-3eb5-8774-c859d286acc4,kb:SkiTouring
95,https://data.datatourisme.fr/13/2c86c485-dee6-3eb5-8774-c859d286acc4,kb:ViaFerrata
96,https://data.datatourisme.fr/13/2ca73100-d924-3a7d-a264-ac6decdafc4f,
97,https://data.datatourisme.fr/13/2cba3294-8597-301d-8dd2-9e05b7869429,
98,https://data.datatourisme.fr/13/2d402b7d-6bf8-35b0-ab2f-e48a08963bfa,kb:MediterraneanCuisine
99,https://data.datatourisme.fr/13/2e597d03-e140-3847-ab52-aad5eed57e1d,kb:Bathing
100,https://data.datatourisme.fr/13/2e8a2283-ead3-3774-b871-6a7412d8e96f,kb:MediterraneanCuisine
101,https://data.datatourisme.fr/13/2f673072-6570-393a-be62-75d2ba52b4e7,
102,https://data.datatourisme.fr/13/2f82a446-27e6-3bd2-a0a4-717ba2840b07,kb:FourWheelDrive
103,https://data.datatourisme.fr/13/2fa0aa04-d072-3da1-80eb-45a4d9ff7437,
104,https://data.datatourisme.fr/13/2fef1656-b313-3abf-84eb-54a0e7cd7e40,kb:Canyoning
104,https://data.datatourisme.fr/13/2fef1656-b313-3abf-84eb-54a0e7cd7e40,kb:Climbing
104,https://data.datatourisme.fr/13/2fef1656-b313-3abf-84eb-54a0e7cd7e40,kb:Hiking
104,https://data.datatourisme.fr/13/2fef1656-b313-3abf-84eb-54a0e7cd7e40,kb:Mountaineering
105,https://data.datatourisme.fr/13/30c51114-388f-3a96-819c-d0addaf6fb55,
106,https://data.datatourisme.fr/13/31ce1cba-08ea-3727-b1df-0bf847a0a682,
107,https://data.datatourisme.fr/13/323717aa-062f-3dd6-b47e-e19b6f7a24c6,
108,https://data.datatourisme.fr/13/32433c5a-561b-36b6-b516-fe0bb4a36705,
109,https://data.datatourisme.fr/13/3248d698-3656-3019-a78b-970457567a42,
110,https://data.datatourisme.fr/13/327821ee-aa9c-37c6-b191-8605772d31b3,kb:Culture
111,https://data.datatourisme.fr/13/330198bd-06f5-30dc-bc10-2d7a782a2d3d,
112,https://data.datatourisme.fr/13/334d74e9-cdd5-3dc9-adc3-86a679ab0448,
113,https://data.datatourisme.fr/13/336c9c33-ee61-306d-ad41-f5292147421d,
114,https://data.datatourisme.fr/13/33adbfa3-3c7c-3167-83f0-6c156d423493,
115,https://data.datatourisme.fr/13/349035be-14a8-3464-bdc0-da80ec546a8b,kb:CanoeingKayaking
116,https://data.datatourisme.fr/13/34ab18f3-569e-389e-b30c-033d2684272f,kb:Culture
117,https://data.datatourisme.fr/13/352d7641-8cf8-39c4-8141-51c27d80acee,
118,https://data.datatourisme.fr/13/358e02bc-dca7-317a-aaf8-bb0b0dd164f8,kb:Wakeboarding
119,https://data.datatourisme.fr/13/359c6b01-9789-35a7-8fd0-3fdac7f9a392,kb:Hiking
119,https://data.datatourisme.fr/13/359c6b01-9789-35a7-8fd0-3fdac7f9a392,kb:Pedestrian
119,https://data.datatourisme.fr/13/359c6b01-9789-35a7-8fd0-3fdac7f9a392,kb:Running
120,https://data.datatourisme.fr/13/35aec0da-0eef-31b3-8080-5267f242fa6f,
121,https://data.datatourisme.fr/13/36b54936-8e2e-3f00-973c-b961ee6681c4,
122,https://data.datatourisme.fr/13/3705cbb8-e954-3d6e-9bf2-9229eefb41a9,
123,https://data.datatourisme.fr/13/374eca78-f020-34fa-9f05-d2abc87257ab,kb:Culture
124,https://data.datatourisme.fr/13/38129a77-fd8d-3fbf-afb1-090da4ffdc03,kb:AdventureCourse
124,https://data.datatourisme.fr/13/38129a77-fd8d-3fbf-afb1-090da4ffdc03,kb:RopeCourse
125,https://data.datatourisme.fr/13/381ce536-a049-3d64-9d3a-0ec1e54d515f,kb:MediterraneanCuisine
126,https://data.datatourisme.fr/13/3831409f-42d5-336d-9931-e5bfc341f7bb,
127,https://data.datatourisme.fr/13/390c0e3e-fc1b-340c-9b71-30e4aafb550a,
128,https://data.datatourisme.fr/13/394a01f1-311d-3759-a30c-2b8be47af3ad,kb:MediterraneanCuisine
129,https://data.datatourisme.fr/13/398c9205-63cb-3114-9bd1-eac4ab0c9226,kb:CanoeingKayaking
129,https://data.datatourisme.fr/13/398c9205-63cb-3114-9bd1-eac4ab0c9226,kb:SeaKayaking
129,https://data.datatourisme.fr/13/398c9205-63cb-3114-9bd1-eac4ab0c9226,kb:StandupPaddleboarding
130,https://data.datatourisme.fr/13/3a003a83-4614-3817-bebf-0571e193519b,kb:ATV
130,https://data.datatourisme.fr/13/3a003a83-4614-3817-bebf-0571e193519b,kb:AdventureCourse
130,https://data.datatourisme.fr/13/3a003a83-4614-3817-bebf-0571e193519b,kb:Bike
130,https://data.datatourisme.fr/13/3a003a83-4614-3817-bebf-0571e193519b,kb:Climbing
130,https://data.datatourisme.fr/13/3a003a83-4614-3817-bebf-0571e193519b,kb:Hiking
130,https://data.datatourisme.fr/13/3a003a83-4614-3817-bebf-0571e193519b,kb:Mountaineering
130,https://data.datatourisme.fr/13/3a003a83-4614-3817-bebf-0571e193519b,kb:Orienteering
130,https://data.datatourisme.fr/13/3a003a83-4614-3817-bebf-0571e193519b,kb:RopeCourse
130,https://data.datatourisme.fr/13/3a003a83-4614-3817-bebf-0571e193519b,kb:SkiTouring
130,https://data.datatourisme.fr/13/3a003a83-4614-3817-bebf-0571e193519b,kb:Snowshoes
130,https://data.datatourisme.fr/13/3a003a83-4614-3817-bebf-0571e193519b,kb:Wintersports
131,https://data.datatourisme.fr/13/3a04cd49-2e8e-396d-be90-3c678de4c278,kb:MediterraneanCuisine
132,https://data.datatourisme.fr/13/3ad2d1db-3968-342a-8265-49a22836f625,
133,https://data.datatourisme.fr/13/3b44ad92-078e-3fe7-aaa1-b420e1aa2232,
134,https://data.datatourisme.fr/13/3b4a56a0-6afe-3406-b0f9-078d244c7f71,
135,https://data.datatourisme.fr/13/3ba4a405-7b63-31c9-9077-2b93f0f703c9,kb:MediterraneanCuisine
136,https://data.datatourisme.fr/13/3be2f4fb-fe4e-342e-9c0c-d4404b913312,kb:Catamaran
136,https://data.datatourisme.fr/13/3be2f4fb-fe4e-342e-9c0c-d4404b913312,kb:SeaKayaking
136,https://data.datatourisme.fr/13/3be2f4fb-fe4e-342e-9c0c-d4404b913312,kb:SportSailing
136,https://data.datatourisme.fr/13/3be2f4fb-fe4e-342e-9c0c-d4404b913312,kb:StandupPaddleboarding
136,https://data.datatourisme.fr/13/3be2f4fb-fe4e-342e-9c0c-d4404b913312,kb:Windsurfing
137,https://data.datatourisme.fr/13/3c44503f-33f9-3825-86eb-004b884153ff,
138,https://data.datatourisme.fr/13/3c4574f5-3073-3351-a17e-0a907262c10d,kb:CanoeingKayaking
138,https://data.datatourisme.fr/13/3c4574f5-3073-3351-a17e-0a907262c10d,kb:Diving
138,https://data.datatourisme.fr/13/3c4574f5-3073-3351-a17e-0a907262c10d,kb:Fishing
138,https://data.datatourisme.fr/13/3c4574f5-3073-3351-a17e-0a907262c10d,kb:SeaFishing
138,https://data.datatourisme.fr/13/3c4574f5-3073-3351-a17e-0a907262c10d,kb:SeaKayaking
138,https://data.datatourisme.fr/13/3c4574f5-3073-3351-a17e-0a907262c10d,kb:Snorkeling
138,https://data.datatourisme.fr/13/3c4574f5-3073-3351-a17e-0a907262c10d,kb:SportSailing
138,https://data.datatourisme.fr/13/3c4574f5-3073-3351-a17e-0a907262c10d,kb:StandupPaddleboarding
138,https://data.datatourisme.fr/13/3c4574f5-3073-3351-a17e-0a907262c10d,kb:TowableTube
138,https://data.datatourisme.fr/13/3c4574f5-3073-3351-a17e-0a907262c10d,kb:Wakeboarding
138,https://data.datatourisme.fr/13/3c4574f5-3073-3351-a17e-0a907262c10d,kb:WaterSkiing
139,https://data.datatourisme.fr/13/3ca7be2d-df27-342c-8107-f8e516061ae7,kb:Riding
140,https://data.datatourisme.fr/13/3cb69285-4c33-3857-a4db-0152081a458f,
141,https://data.datatourisme.fr/13/3cd0b010-d3c2-3650-855e-1c76082bf8d7,
142,https://data.datatourisme.fr/13/3ce3797c-3992-39f2-8f2c-ef6606341042,
143,https://data.datatourisme.fr/13/3d196c21-90f6-32d7-bb8a-d89796b18b0c,
144,https://data.datatourisme.fr/13/3d8d05d3-12ac-355c-b28f-7c7912daf650,
145,https://data.datatourisme.fr/13/3ddebeb2-577a-3b5f-8b44-34ce8ba9eed2,kb:FourWheelDrive
145,https://data.datatourisme.fr/13/3ddebeb2-577a-3b5f-8b44-34ce8ba9eed2,kb:Hiking
146,https://data.datatourisme.fr/13/3e7c00eb-209c-30bf-9432-51e0c74ca732,
147,https://data.datatourisme.fr/13/3f1d6ca4-c790-3687-8a85-56b4baff0d23,kb:Hiking
147,https://data.datatourisme.fr/13/3f1d6ca4-c790-3687-8a85-56b4baff0d23,kb:Pedestrian
147,https://data.datatourisme.fr/13/3f1d6ca4-c790-3687-8a85-56b4baff0d23,kb:Running
148,https://data.datatourisme.fr/13/3f2ccfa0-dcab-3f37-a3e2-0343d8934ab7,kb:AdventureCourse
148,https://data.datatourisme.fr/13/3f2ccfa0-dcab-3f37-a3e2-0343d8934ab7,kb:RopeCourse
148,https://data.datatourisme.fr/13/3f2ccfa0-dcab-3f37-a3e2-0343d8934ab7,kb:ViaFerrata
149,https://data.datatourisme.fr/13/3f59c4d8-e0e5-39fa-b41d-c828c4e29e7e,
150,https://data.datatourisme.fr/13/405c8fa3-605d-3871-ad95-593c6fe2cd80,
151,https://data.datatourisme.fr/13/41309f3c-cbfd-3856-bd1e-a83f57681dc6,kb:MediterraneanCuisine
152,https://data.datatourisme.fr/13/422b8cbd-d07b-3499-aeac-d7c2a38229e0,
153,https://data.datatourisme.fr/13/427f01ed-42e0-3d76-95e3-d205d642bd77,kb:MediterraneanCuisine
154,https://data.datatourisme.fr/13/42a2d795-15c1-37ad-aa72-da9837f0455d,
155,https://data.datatourisme.fr/13/42bf69bf-d2de-37f7-a17d-3b3b4489d6ab,
156,https://data.datatourisme.fr/13/4313089d-ed8d-3563-a8c9-44839ed28ec9,
157,https://data.datatourisme.fr/13/431d9d97-9798-36db-90c4-a9200eff4494,kb:Catamaran
157,https://data.datatourisme.fr/13/431d9d97-9798-36db-90c4-a9200eff4494,kb:SeaKayaking
157,https://data.datatourisme.fr/13/431d9d97-9798-36db-90c4-a9200eff4494,kb:SportSailing
157,https://data.datatourisme.fr/13/431d9d97-9798-36db-90c4-a9200eff4494,kb:StandupPaddleboarding
157,https://data.datatourisme.fr/13/431d9d97-9798-36db-90c4-a9200eff4494,kb:Windsurfing
158,https://data.datatourisme.fr/13/441fa178-3ed4-3458-80a7-e2b71dcd717c,
159,https://data.datatourisme.fr/13/4441e409-74b0-3ed3-8fc1-0c065d96e36a,kb:Bathing
160,https://data.datatourisme.fr/13/446954ea-3be4-3044-9523-10e8af896194,
161,https://data.datatourisme.fr/13/44e65ed8-31e3-3afb-8e8c-f90a6d6c6649,
162,https://data.datatourisme.fr/13/4509e1a6-404e-33b0-9b9e-c36cbc95e52a,kb:MediterraneanCuisine
163,https://data.datatourisme.fr/13/45d65621-44e2-3c43-aae4-a22c37593165,
164,https://data.datatourisme.fr/13/4636af74-cc9a-3d32-9cff-ee72c67d67e8,
165,https://data.datatourisme.fr/13/46d10565-85b7-3d18-8277-6bd7f3532a7a,kb:Canyoning
166,https://data.datatourisme.fr/13/473f9d13-2a11-3e2c-a6b8-d3d37d0577f7,kb:Scooter
167,https://data.datatourisme.fr/13/476bf341-a435-30cd-8a96-ec8e4e1fecea,
168,https://data.datatourisme.fr/13/4811b71f-4e18-3be4-9e4d-8bd961c40e08,kb:Diving
169,https://data.datatourisme.fr/13/48281525-3b62-3203-8c56-79eb7f42eec7,
170,https://data.datatourisme.fr/13/4866a1a0-0add-3d73-a1d4-0731511f4792,
171,https://data.datatourisme.fr/13/48798c51-bc2f-3329-85da-6ae16ca7756c,
172,https://data.datatourisme.fr/13/488b5cd4-9a05-3f50-89df-0e68921b8a9f,kb:Culture
173,https://data.datatourisme.fr/13/48b13998-8bb4-3acd-aceb-870bf92fed89,kb:Culture
174,https://data.datatourisme.fr/13/48b71285-8ff5-3e06-938b-2cc6ecccd2de,kb:FourWheelDrive
175,https://data.datatourisme.fr/13/49ba87d6-fec7-3af9-9a67-a600fa2653be,
176,https://data.datatourisme.fr/13/4a887623-187c-30fd-8637-d97c06a87881,
177,https://data.datatourisme.fr/13/4ab24785-6ab9-3e8d-a3aa-878b49a94d23,
178,https://data.datatourisme.fr/13/4b07de87-7314-31cd-a968-0cf454cd6a2d,kb:Culture
179,https://data.datatourisme.fr/13/4c62cb12-33af-3646-b4b2-f00e238ab2af,
180,https://data.datatourisme.fr/13/4cc51caf-61b9-38ad-89e3-23cf4eba1369,
181,https://data.datatourisme.fr/13/4d36c3b6-9db4-3ce0-8bd2-90293dab3ff1,
182,https://data.datatourisme.fr/13/4d3a7e36-f37f-3114-9fe2-fc741961a103,
183,https://data.datatourisme.fr/13/4dcc86d2-5f7f-3bac-80b1-bfae46b2dae0,
184,https://data.datatourisme.fr/13/4e71abad-a5a5-3d60-899f-dc433e25b2af,
185,https://data.datatourisme.fr/13/4e80ff17-595a-3521-990b-556ea605d10a,kb:Diving
186,https://data.datatourisme.fr/13/4eb5186f-74f3-3b02-9c7b-a15a3f7e1add,
187,https://data.datatourisme.fr/13/4f6eb124-bc4b-30e1-b24a-cc4ea1c9c63b,
188,https://data.datatourisme.fr/13/4f779cbc-ef98-378a-8464-0b525d98c058,
189,https://data.datatourisme.fr/13/5016138c-9227-3031-8423-b03c0b81e6b5,kb:Culture
190,https://data.datatourisme.fr/13/50429798-a885-3cd8-95b8-da80880e00b6,
191,https://data.datatourisme.fr/13/504b5a92-66f3-363c-8acc-95f23f979449,kb:Snorkeling
192,https://data.datatourisme.fr/13/505cd482-03b6-33f6-aee0-c02b1e691f90,kb:Culture
193,https://data.datatourisme.fr/13/50f9cb18-1574-3b54-a730-de910a56e24a,
194,https://data.datatourisme.fr/13/51ae6444-a299-3710-963e-8720d0885021,
195,https://data.datatourisme.fr/13/52675030-6c98-3f24-acff-3f04d1ebf76a,kb:MediterraneanCuisine
196,https://data.datatourisme.fr/13/527945b4-a291-367d-833e-96ff6d378441,kb:MediterraneanCuisine
197,https://data.datatourisme.fr/13/536a3a04-064e-3112-97b6-ec96431db3ea,
198,https://data.datatourisme.fr/13/5389465f-0fe0-3652-a82f-3ff0fc35c310,
199,https://data.datatourisme.fr/13/5435b940-d400-3ab9-8842-75e7b3457818,
200,https://data.datatourisme.fr/13/5459c52c-416c-36fc-87cc-8cb6349efe92,kb:MediterraneanCuisine
201,https://data.datatourisme.fr/13/55092da4-4ea4-37b2-a8fd-1f615da4f575,
202,https://data.datatourisme.fr/13/5548412f-d685-38fc-8d50-fc85d22cf80b,
203,https://data.datatourisme.fr/13/558de37f-8761-3932-a327-368686999675,
204,https://data.datatourisme.fr/13/56882c1e-d787-30e7-bafd-a2527fd2caf1,
205,https://data.datatourisme.fr/13/5730d0f7-ddf5-3d62-a564-3a336f9feaa3,kb:Bathing
206,https://data.datatourisme.fr/13/5769d5ca-dd8f-3858-870b-fa125a6a01b4,
207,https://data.datatourisme.fr/13/57b9474b-28fb-3783-9842-209337f62b18,kb:MediterraneanCuisine
208,https://data.datatourisme.fr/13/57d02eed-7fe9-33d3-a965-adf64869c329,
209,https://data.datatourisme.fr/13/58c363a9-34cc-3767-9d8c-e924eb0b7ae1,
210,https://data.datatourisme.fr/13/58e89788-045f-3205-8262-4e41350f4611,kb:Bathing
211,https://data.datatourisme.fr/13/59cbd2ac-7ccd-3b5b-92b5-18f5baf317bf,
212,https://data.datatourisme.fr/13/5a1803c1-46c3-3328-90db-b516f1df517b,
213,https://data.datatourisme.fr/13/5a42304e-ad19-3ca6-a476-240d9ec4942e,kb:Culture
214,https://data.datatourisme.fr/13/5a87fa6e-3985-3028-9f4b-a79398b1a93a,
215,https://data.datatourisme.fr/13/5b2f4814-6a78-39ac-83f8-ecc5b0c0529e,
216,https://data.datatourisme.fr/13/5ba507ee-ae88-3462-8bd5-07e6e0263458,kb:Culture
217,https://data.datatourisme.fr/13/5c253b16-fbfe-3013-b03f-4f0256a146fc,kb:MediterraneanCuisine
218,https://data.datatourisme.fr/13/5c448066-a249-391e-a6be-9cdacebbf771,
219,https://data.datatourisme.fr/13/5c4cd768-41d5-3e93-896f-ac146b845d35,kb:MediterraneanCuisine
220,https://data.datatourisme.fr/13/5e08a9e2-7e38-3a12-99e2-3aec0c7b783b,
221,https://data.datatourisme.fr/13/5eb622e9-dfe0-3f40-945c-fb67a0ec47b6,
222,https://data.datatourisme.fr/13/5fe1eb10-9591-33a7-9167-cfd967dd3366,kb:MediterraneanCuisine
223,https://data.datatourisme.fr/13/6019605e-b136-3eb6-a35e-d13137296981,kb:AdventureCourse
223,https://data.datatourisme.fr/13/6019605e-b136-3eb6-a35e-d13137296981,kb:RopeCourse
224,https://data.datatourisme.fr/13/602360d0-a517-3cb0-8f93-eb7ee4d4258e,kb:Quad
225,https://data.datatourisme.fr/13/605fb407-f43c-337c-bd22-3505ec7520cf,kb:Riding
226,https://data.datatourisme.fr/13/607c94f7-8fdf-3fe4-9082-791f8e3fe55a,
227,https://data.datatourisme.fr/13/60955c06-03b2-3f6e-8be1-2fcc595f28ff,kb:Bike
227,https://data.datatourisme.fr/13/60955c06-03b2-3f6e-8be1-2fcc595f28ff,kb:ElectricATV
228,https://data.datatourisme.fr/13/60be0db6-04ba-35ec-a940-fa89b7c1eacd,
229,https://data.datatourisme.fr/13/61684574-4ec9-35b7-b75f-e05202eba837,
230,https://data.datatourisme.fr/13/61a9c321-4bf0-3446-8023-42c97bf765e9,
231,https://data.datatourisme.fr/13/6204fca2-9fe0-37b0-8d76-cc4b976a9b4e,kb:Bathing
232,https://data.datatourisme.fr/13/6245130e-aa09-3763-a988-e09ae191ee25,kb:StandupPaddleboarding
233,https://data.datatourisme.fr/13/62cc6ede-07e3-32d8-b858-279f6595040a,kb:Bike
233,https://data.datatourisme.fr/13/62cc6ede-07e3-32d8-b858-279f6595040a,kb:ElectricATV
233,https://data.datatourisme.fr/13/62cc6ede-07e3-32d8-b858-279f6595040a,kb:Gyropode
234,https://data.datatourisme.fr/13/62ce615c-9782-3a03-a768-a28f7a171ccb,
235,https://data.datatourisme.fr/13/63186e96-6c0f-3a01-91a0-00e771bf6f1a,kb:MediterraneanCuisine
236,https://data.datatourisme.fr/13/637ceeff-f81e-3c60-bd32-236be0459fe5,
237,https://data.datatourisme.fr/13/63f8c593-eb14-349f-8e1a-faf34a6d93e1,
238,https://data.datatourisme.fr/13/641b744f-b35a-30ad-9604-3b3d2871010c,
239,https://data.datatourisme.fr/13/644dd905-7153-3925-b4cb-ac462630fc5a,kb:Culture
240,https://data.datatourisme.fr/13/64a1d7aa-66f6-3032-b229-64c415bdbce5,
241,https://data.datatourisme.fr/13/64b4ed91-715b-3326-9558-34bee09c9a5c,
242,https://data.datatourisme.fr/13/64e2729c-a469-3d3b-9990-27d228640087,kb:Diving
242,https://data.datatourisme.fr/13/64e2729c-a469-3d3b-9990-27d228640087,kb:Snorkeling
243,https://data.datatourisme.fr/13/65359432-82c8-36ee-a3f0-f412261ed6e5,
244,https://data.datatourisme.fr/13/6585dda6-9f64-3a90-9915-975aefe82d8c,kb:MediterraneanCuisine
245,https://data.datatourisme.fr/13/65b11686-0789-3590-ade5-3847162aa9c9,
246,https://data.datatourisme.fr/13/660563b4-ab93-3766-8c74-9f3e13f4239e,kb:FourWheelDrive
247,https://data.datatourisme.fr/13/6687629b-7db5-3d29-9099-3437931e8c82,
248,https://data.datatourisme.fr/13/66b6eb60-d308-314b-8002-66fddc925f17,kb:Diving
249,https://data.datatourisme.fr/13/66cf0946-bdcc-3841-991f-e394f68d7204,kb:Culture
250,https://data.datatourisme.fr/13/66eb134c-fb35-3bd6-8e69-598d20ba0fdd,
251,https://data.datatourisme.fr/13/671c1128-3245-39e6-b2fb-1a4edc7b8fe7,
252,https://data.datatourisme.fr/13/67672c80-bfd2-39b2-bf43-575dd094a6b6,kb:Bathing
253,https://data.datatourisme.fr/13/67c36de7-d88f-39c1-81ff-fe839c61cd9c,
254,https://data.datatourisme.fr/13/67d6a796-a60f-3ae4-95ee-6756130501b3,kb:Bathing
254,https://data.datatourisme.fr/13/67d6a796-a60f-3ae4-95ee-6756130501b3,kb:PowerBoating
254,https://data.datatourisme.fr/13/67d6a796-a60f-3ae4-95ee-6756130501b3,kb:SeaKayaking
254,https://data.datatourisme.fr/13/67d6a796-a60f-3ae4-95ee-6756130501b3,kb:SportSailing
254,https://data.datatourisme.fr/13/67d6a796-a60f-3ae4-95ee-6756130501b3,kb:StandupPaddleboarding
254,https://data.datatourisme.fr/13/67d6a796-a60f-3ae4-95ee-6756130501b3,kb:Swimming
254,https://data.datatourisme.fr/13/67d6a796-a60f-3ae4-95ee-6756130501b3,kb:TowableTube
254,https://data.datatourisme.fr/13/67d6a796-a60f-3ae4-95ee-6756130501b3,kb:Wakeboarding
254,https://data.datatourisme.fr/13/67d6a796-a60f-3ae4-95ee-6756130501b3,kb:Windsurfing
255,https://data.datatourisme.fr/13/67dd2a9f-c6b8-36a8-b7a5-70e1d372c4f2,
256,https://data.datatourisme.fr/13/683efddb-9d18-377d-aec7-09ab9782f17d,kb:MediterraneanCuisine
257,https://data.datatourisme.fr/13/68466bce-cbe1-3326-a300-71492d11a804,
258,https://data.datatourisme.fr/13/690fe9b1-a708-3b40-b9fc-ce0426bb5482,kb:Bodybuilding
258,https://data.datatourisme.fr/13/690fe9b1-a708-3b40-b9fc-ce0426bb5482,kb:Fitness
258,https://data.datatourisme.fr/13/690fe9b1-a708-3b40-b9fc-ce0426bb5482,kb:PingPong
258,https://data.datatourisme.fr/13/690fe9b1-a708-3b40-b9fc-ce0426bb5482,kb:Squash
259,https://data.datatourisme.fr/13/69448fe8-e3d3-3534-8b63-6877d97f700a,kb:MediterraneanCuisine
260,https://data.datatourisme.fr/13/69f7968b-858e-333e-860c-8fe904566bf7,kb:MediterraneanCuisine
261,https://data.datatourisme.fr/13/6a7f705c-2164-3b62-8578-fed40102c355,
262,https://data.datatourisme.fr/13/6b5d20fd-015a-3bb7-9774-a9fe33a4ead3,
263,https://data.datatourisme.fr/13/6b621e4f-b12b-31b2-a2df-0e845bcdd923,kb:Bodyboard
263,https://data.datatourisme.fr/13/6b621e4f-b12b-31b2-a2df-0e845bcdd923,kb:Diving
263,https://data.datatourisme.fr/13/6b621e4f-b12b-31b2-a2df-0e845bcdd923,kb:SeaKayaking
263,https://data.datatourisme.fr/13/6b621e4f-b12b-31b2-a2df-0e845bcdd923,kb:SportSailing
263,https://data.datatourisme.fr/13/6b621e4f-b12b-31b2-a2df-0e845bcdd923,kb:StandupPaddleboarding
263,https://data.datatourisme.fr/13/6b621e4f-b12b-31b2-a2df-0e845bcdd923,kb:Surf
263,https://data.datatourisme.fr/13/6b621e4f-b12b-31b2-a2df-0e845bcdd923,kb:Windsurfing
264,https://data.datatourisme.fr/13/6ba42ec2-7785-36b2-95d2-f028680051a4,
265,https://data.datatourisme.fr/13/6ba7d661-dd6c-34c6-84c5-e3589a408831,kb:MediterraneanCuisine
266,https://data.datatourisme.fr/13/6be71a5e-0ab1-3258-81ad-72002c44da68,kb:MediterraneanCuisine
267,https://data.datatourisme.fr/13/6c41ba90-5910-3ea2-8ad4-75d07b9ce337,kb:MediterraneanCuisine
268,https://data.datatourisme.fr/13/6cc5a979-c003-3cdf-a8ee-dc07f5ad729e,
269,https://data.datatourisme.fr/13/6d5d30c4-f7d7-3d07-9459-65e917a9d018,kb:AirSports
269,https://data.datatourisme.fr/13/6d5d30c4-f7d7-3d07-9459-65e917a9d018,kb:Parasailing
270,https://data.datatourisme.fr/13/6d5fdc7b-5eed-3a60-af82-22ae383a4199,kb:MediterraneanCuisine
271,https://data.datatourisme.fr/13/6de8dd9a-f534-3861-9e2e-52effed64b56,kb:Culture
272,https://data.datatourisme.fr/13/6e51970b-1b08-3191-b2df-777734832729,kb:Canyoning
272,https://data.datatourisme.fr/13/6e51970b-1b08-3191-b2df-777734832729,kb:Climbing
272,https://data.datatourisme.fr/13/6e51970b-1b08-3191-b2df-777734832729,kb:Hiking
272,https://data.datatourisme.fr/13/6e51970b-1b08-3191-b2df-777734832729,kb:Mountaineering
272,https://data.datatourisme.fr/13/6e51970b-1b08-3191-b2df-777734832729,kb:Trail
272,https://data.datatourisme.fr/13/6e51970b-1b08-3191-b2df-777734832729,kb:ViaCordata
273,https://data.datatourisme.fr/13/6e5a3f80-2f7d-353c-91b6-55fab8c7b12c,kb:Hiking
273,https://data.datatourisme.fr/13/6e5a3f80-2f7d-353c-91b6-55fab8c7b12c,kb:Pedestrian
273,https://data.datatourisme.fr/13/6e5a3f80-2f7d-353c-91b6-55fab8c7b12c,kb:Running
274,https://data.datatourisme.fr/13/6f88988f-e79e-3e29-a305-a36b56a395cb,kb:MediterraneanCuisine
275,https://data.datatourisme.fr/13/6fbbdd19-1a94-3fb8-af08-83f9f9aec8d4,kb:Fitness
276,https://data.datatourisme.fr/13/70250137-d096-3fb9-879e-cc0cc78a4f9a,kb:Culture
277,https://data.datatourisme.fr/13/70bd86b3-8520-365d-b1a5-209aa23b691e,kb:Culture
278,https://data.datatourisme.fr/13/713fd1e9-a1c9-3481-be0d-5cd594153b74,
279,https://data.datatourisme.fr/13/717bf149-f041-38b2-880a-df6238e5141d,kb:Culture
280,https://data.datatourisme.fr/13/717f2a04-bf10-3fa1-9c70-cdd001369b70,
281,https://data.datatourisme.fr/13/7297ba7a-c1a3-360d-8d87-32ef5a1ffa8c,kb:AirSports
281,https://data.datatourisme.fr/13/7297ba7a-c1a3-360d-8d87-32ef5a1ffa8c,kb:Helicopter
282,https://data.datatourisme.fr/13/734e9e09-f8a7-34dc-bf77-6869f4c45491,
283,https://data.datatourisme.fr/13/73d99e44-a334-3dda-992d-05b36d7c80e9,kb:ATV
283,https://data.datatourisme.fr/13/73d99e44-a334-3dda-992d-05b36d7c80e9,kb:BicycleTouring
283,https://data.datatourisme.fr/13/73d99e44-a334-3dda-992d-05b36d7c80e9,kb:Bike
283,https://data.datatourisme.fr/13/73d99e44-a334-3dda-992d-05b36d7c80e9,kb:Canyoning
283,https://data.datatourisme.fr/13/73d99e44-a334-3dda-992d-05b36d7c80e9,kb:Climbing
283,https://data.datatourisme.fr/13/73d99e44-a334-3dda-992d-05b36d7c80e9,kb:Cycling
283,https://data.datatourisme.fr/13/73d99e44-a334-3dda-992d-05b36d7c80e9,kb:ElectricATV
283,https://data.datatourisme.fr/13/73d99e44-a334-3dda-992d-05b36d7c80e9,kb:ElectricBike
283,https://data.datatourisme.fr/13/73d99e44-a334-3dda-992d-05b36d7c80e9,kb:ElectricallyAssistedBicycle
283,https://data.datatourisme.fr/13/73d99e44-a334-3dda-992d-05b36d7c80e9,kb:Hiking
283,https://data.datatourisme.fr/13/73d99e44-a334-3dda-992d-05b36d7c80e9,kb:SkiTouring
283,https://data.datatourisme.fr/13/73d99e44-a334-3dda-992d-05b36d7c80e9,kb:Snowshoes
283,https://data.datatourisme.fr/13/73d99e44-a334-3dda-992d-05b36d7c80e9,kb:Wintersports
284,https://data.datatourisme.fr/13/7417d71d-39a1-33bc-88ff-b1522f0abb18,
285,https://data.datatourisme.fr/13/7469b79f-1c49-351e-8cb0-d1fa97718332,kb:Hiking
286,https://data.datatourisme.fr/13/74bc336b-df5b-3089-8560-03e5f5e93e89,
287,https://data.datatourisme.fr/13/751edd4a-43b0-38c6-be09-bf0b16568e2d,
288,https://data.datatourisme.fr/13/752c6e5d-df6d-337c-8355-b997204137bb,
289,https://data.datatourisme.fr/13/75b8c612-0264-320a-874b-4e8f770061ff,kb:Culture
290,https://data.datatourisme.fr/13/76e26aec-eb29-33c0-9be2-c49e0b8f88f0,kb:ATV
290,https://data.datatourisme.fr/13/76e26aec-eb29-33c0-9be2-c49e0b8f88f0,kb:BicycleTouring
290,https://data.datatourisme.fr/13/76e26aec-eb29-33c0-9be2-c49e0b8f88f0,kb:Bike
290,https://data.datatourisme.fr/13/76e26aec-eb29-33c0-9be2-c49e0b8f88f0,kb:Cycling
290,https://data.datatourisme.fr/13/76e26aec-eb29-33c0-9be2-c49e0b8f88f0,kb:ElectricATV
290,https://data.datatourisme.fr/13/76e26aec-eb29-33c0-9be2-c49e0b8f88f0,kb:ElectricBike
290,https://data.datatourisme.fr/13/76e26aec-eb29-33c0-9be2-c49e0b8f88f0,kb:ElectricallyAssistedBicycle
290,https://data.datatourisme.fr/13/76e26aec-eb29-33c0-9be2-c49e0b8f88f0,kb:FatBike
291,https://data.datatourisme.fr/13/7753444e-b173-3c2c-b854-abc278641455,
292,https://data.datatourisme.fr/13/7796f639-b3d0-307a-97a7-d5c72d59d2b9,
293,https://data.datatourisme.fr/13/78071d30-9d23-370c-bb8e-1a02b3e8fffd,kb:AirSports
293,https://data.datatourisme.fr/13/78071d30-9d23-370c-bb8e-1a02b3e8fffd,kb:Canyoning
293,https://data.datatourisme.fr/13/78071d30-9d23-370c-bb8e-1a02b3e8fffd,kb:Paragliding
293,https://data.datatourisme.fr/13/78071d30-9d23-370c-bb8e-1a02b3e8fffd,kb:TowableTube
293,https://data.datatourisme.fr/13/78071d30-9d23-370c-bb8e-1a02b3e8fffd,kb:Ulm
293,https://data.datatourisme.fr/13/78071d30-9d23-370c-bb8e-1a02b3e8fffd,kb:WaterSkiing
294,https://data.datatourisme.fr/13/78bf35c3-e4f3-39f3-b49c-23a2d8db2d52,
295,https://data.datatourisme.fr/13/78eb2247-0b92-3e39-92cd-d0702fe72fe4,
296,https://data.datatourisme.fr/13/7922b9d1-b18f-320c-8773-927da031a30d,
297,https://data.datatourisme.fr/13/7981779e-cab1-3ded-9191-d6c8d02b37ed,
298,https://data.datatourisme.fr/13/79c91462-6352-379b-9727-4242e7db5d1a,
299,https://data.datatourisme.fr/13/7a7db359-50a8-366a-8388-4ad1870f162b,kb:Culture
300,https://data.datatourisme.fr/13/7a7ec0ba-15e7-344f-aa9b-7395dbffa4a0,
301,https://data.datatourisme.fr/13/7afb0ff2-be97-3234-8d16-bcfed88ecb76,
302,https://data.datatourisme.fr/13/7b3b94ed-9cec-38fa-8dc1-dc2bc7830618,
303,https://data.datatourisme.fr/13/7c36fe8c-6334-3fdc-899b-98cb34fa8e77,kb:Culture
304,https://data.datatourisme.fr/13/7c484ac7-cd4e-3161-98da-8776eda19b96,kb:EscapeGame
305,https://data.datatourisme.fr/13/7c9a6451-e1c1-3ced-8abd-17b3eb4dc958,kb:Fishing
305,https://data.datatourisme.fr/13/7c9a6451-e1c1-3ced-8abd-17b3eb4dc958,kb:SeaFishing
306,https://data.datatourisme.fr/13/7d31373b-2b11-3e8d-bd62-7adf581483cf,
307,https://data.datatourisme.fr/13/7db1aea0-8dcf-337d-b01c-f0bf23490f5d,kb:MediterraneanCuisine
308,https://data.datatourisme.fr/13/7e370308-b630-3d48-b22d-379e7aac23ac,
309,https://data.datatourisme.fr/13/7ec98be8-79f1-3b21-9754-c3ab2526d5ce,
310,https://data.datatourisme.fr/13/7ef5b6d8-6955-3298-866d-ae0db5280682,
311,https://data.datatourisme.fr/13/7f1df604-bd0c-3223-a4d9-ab005f762a53,kb:Diving
311,https://data.datatourisme.fr/13/7f1df604-bd0c-3223-a4d9-ab005f762a53,kb:Snorkeling
312,https://data.datatourisme.fr/13/7fd163bc-75d0-37b1-b661-efa2ceba7631,
313,https://data.datatourisme.fr/13/7feed920-d21e-3ee6-98b6-e88536f52474,kb:Culture
314,https://data.datatourisme.fr/13/8035d525-7011-3019-a29d-5fb7ec52600e,kb:Bike
314,https://data.datatourisme.fr/13/8035d525-7011-3019-a29d-5fb7ec52600e,kb:ElectricATV
315,https://data.datatourisme.fr/13/8039e1df-83d8-3ac7-baff-6bc4b35640ef,kb:Bathing
316,https://data.datatourisme.fr/13/80556698-0dc3-39a6-9243-a6899751e699,kb:PowerBoating
317,https://data.datatourisme.fr/13/80978f40-92b5-3256-8141-d1d010bf53b4,
318,https://data.datatourisme.fr/13/80a4f1da-30df-3d12-bf37-4b0b4716465f,kb:MediterraneanCuisine
319,https://data.datatourisme.fr/13/815e471b-298f-3a4f-90cc-28d10f3ea7b5,
320,https://data.datatourisme.fr/13/81e5386c-ec9a-3a4c-a7dc-9a848dc140e0,
321,https://data.datatourisme.fr/13/822cba57-a254-34d7-9b01-b8a019806922,kb:Hiking
321,https://data.datatourisme.fr/13/822cba57-a254-34d7-9b01-b8a019806922,kb:Pedestrian
321,https://data.datatourisme.fr/13/822cba57-a254-34d7-9b01-b8a019806922,kb:Running
322,https://data.datatourisme.fr/13/824cf757-abab-34be-837d-d6b662d1f134,
323,https://data.datatourisme.fr/13/82556e33-113d-3eda-aec1-6beca9f99d6f,
324,https://data.datatourisme.fr/13/826683ca-aaec-38d9-8a28-9fb2e3efa5f8,kb:Culture
325,https://data.datatourisme.fr/13/827f8fdd-dd86-36c3-a05d-df2db8ab268b,kb:Bathing
326,https://data.datatourisme.fr/13/8293be36-de79-3862-a682-ec91bda3c211,
327,https://data.datatourisme.fr/13/82d17e30-5cb8-39c1-b821-5f4809eccc4b,kb:Culture
328,https://data.datatourisme.fr/13/82d521ff-b897-3866-8ad0-a1e4bd84eb0a,
329,https://data.datatourisme.fr/13/8316eb1e-1872-3302-87ec-2d998f3964fa,
330,https://data.datatourisme.fr/13/8426a86a-9641-38a5-a175-1c76a276d4f9,kb:MediterraneanCuisine
331,https://data.datatourisme.fr/13/848eeff6-2fdd-37f8-9c2b-52b8e9758e75,
332,https://data.datatourisme.fr/13/84c4d010-d8b2-33a3-a90d-f8d6abe13635,kb:Fishing
333,https://data.datatourisme.fr/13/84f75c7b-85e3-3f46-9b8a-caa187c44389,
334,https://data.datatourisme.fr/13/861eaad1-129d-3c01-8c58-fe4b290d9024,
335,https://data.datatourisme.fr/13/8627fd30-4220-3745-838c-eaada3fe2f3e,kb:Canyoning
335,https://data.datatourisme.fr/13/8627fd30-4220-3745-838c-eaada3fe2f3e,kb:Hiking
335,https://data.datatourisme.fr/13/8627fd30-4220-3745-838c-eaada3fe2f3e,kb:Snowshoes
335,https://data.datatourisme.fr/13/8627fd30-4220-3745-838c-eaada3fe2f3e,kb:ViaFerrata
335,https://data.datatourisme.fr/13/8627fd30-4220-3745-838c-eaada3fe2f3e,kb:Wintersports
336,https://data.datatourisme.fr/13/869a01e7-deea-3715-aa86-ad8e49859e4b,
337,https://data.datatourisme.fr/13/87101b4b-a501-3b08-a5d2-c18d0253688e,
338,https://data.datatourisme.fr/13/886a12cf-19de-38e5-9ca3-0222ef74495e,
339,https://data.datatourisme.fr/13/89161292-5c04-3980-95e0-feb7c1282f6a,
340,https://data.datatourisme.fr/13/89529c35-9c0a-3b05-ac59-7c1457b4dfa4,
341,https://data.datatourisme.fr/13/896429bf-be2a-3dcf-91ec-13bbb13caa5a,
342,https://data.datatourisme.fr/13/89e67a34-a81c-3999-a1ec-d3ac4bfebf79,kb:Golf
343,https://data.datatourisme.fr/13/8a28820d-cc41-37f4-afd0-2c79db96f9f0,kb:FourWheelDrive
344,https://data.datatourisme.fr/13/8ba89b37-8687-39a2-8186-18100f2f5bcf,
345,https://data.datatourisme.fr/13/8c3f4b96-9a38-37c0-943e-ca0ea42cd298,kb:Culture
346,https://data.datatourisme.fr/13/8cb62fdc-cb26-3e41-b02b-6f23dba330db,
347,https://data.datatourisme.fr/13/8cbc6e76-25b1-319e-ad31-830409ce3048,
348,https://data.datatourisme.fr/13/8d3410ee-10c3-390b-b313-df31cfcc6fe5,
349,https://data.datatourisme.fr/13/8d8cf8aa-0dc7-3fe1-bf64-3936a5f28f14,kb:SeaKayaking
349,https://data.datatourisme.fr/13/8d8cf8aa-0dc7-3fe1-bf64-3936a5f28f14,kb:StandupPaddleboarding
350,https://data.datatourisme.fr/13/8dd943cb-3679-3807-ac6d-7c3b8e7c026c,
351,https://data.datatourisme.fr/13/8e83ed32-f50a-3c33-85e0-89880f629cdd,
352,https://data.datatourisme.fr/13/902290d7-fa38-34d3-8ba0-f33af3487dd4,
353,https://data.datatourisme.fr/13/902facef-1ce6-3bde-b664-55a4310076b9,kb:ATV
353,https://data.datatourisme.fr/13/902facef-1ce6-3bde-b664-55a4310076b9,kb:Bike
353,https://data.datatourisme.fr/13/902facef-1ce6-3bde-b664-55a4310076b9,kb:ElectricBike
353,https://data.datatourisme.fr/13/902facef-1ce6-3bde-b664-55a4310076b9,kb:ElectricallyAssistedBicycle
354,https://data.datatourisme.fr/13/9039ffac-326e-3c64-a3e6-5a3f6bba5998,
355,https://data.datatourisme.fr/13/90481ce6-06dd-38ea-807a-465712d106b0,kb:ATV
355,https://data.datatourisme.fr/13/90481ce6-06dd-38ea-807a-465712d106b0,kb:Bike
355,https://data.datatourisme.fr/13/90481ce6-06dd-38ea-807a-465712d106b0,kb:Cycling
355,https://data.datatourisme.fr/13/90481ce6-06dd-38ea-807a-465712d106b0,kb:ElectricATV
355,https://data.datatourisme.fr/13/90481ce6-06dd-38ea-807a-465712d106b0,kb:ElectricBike
355,https://data.datatourisme.fr/13/90481ce6-06dd-38ea-807a-465712d106b0,kb:ElectricallyAssistedBicycle
356,https://data.datatourisme.fr/13/9100158b-d02e-3904-a0a9-a14918a04749,
357,https://data.datatourisme.fr/13/91091d16-3ead-3477-8059-90fd936d033b,kb:MediterraneanCuisine
358,https://data.datatourisme.fr/13/913ec9c0-a35a-3aff-b110-8dc8e2603fc0,
359,https://data.datatourisme.fr/13/91798afa-3bb1-3d3a-825c-ce4f1869cd6b,kb:Diving
359,https://data.datatourisme.fr/13/91798afa-3bb1-3d3a-825c-ce4f1869cd6b,kb:Snorkeling
360,https://data.datatourisme.fr/13/91f70343-e4b4-3963-908d-20a1f17581fa,kb:Catamaran
361,https://data.datatourisme.fr/13/92195640-854c-33ad-8641-4d6dc19ef560,
362,https://data.datatourisme.fr/13/93a09fec-a4a6-3c09-999c-289637977430,
363,https://data.datatourisme.fr/13/93ac9385-61f9-377b-b1d5-0d54f3354b1b,kb:Bathing
364,https://data.datatourisme.fr/13/9447da93-961e-3e8c-a8b9-25db03c6c7c4,
365,https://data.datatourisme.fr/13/94b40ff2-7026-39aa-bc43-4b4b2ad2a507,
366,https://data.datatourisme.fr/13/94c675c7-23c7-3351-9b63-6b09cd72b905,
367,https://data.datatourisme.fr/13/94cce5f4-2667-37ad-b0d5-bf4a8c508f33,kb:Diving
368,https://data.datatourisme.fr/13/94d6f78a-3d7b-3a3b-857a-ebf5313baf66,kb:Diving
368,https://data.datatourisme.fr/13/94d6f78a-3d7b-3a3b-857a-ebf5313baf66,kb:Snorkeling
369,https://data.datatourisme.fr/13/95072dc7-aca4-3c63-82cc-53156cc8a171,kb:MediterraneanCuisine
370,https://data.datatourisme.fr/13/9640afcd-bebc-3287-996b-1ba22cd3b3d1,
371,https://data.datatourisme.fr/13/9715e1d0-e76d-31fb-8081-a1350cffe6af,kb:MediterraneanCuisine
372,https://data.datatourisme.fr/13/97fa50dd-299f-32ce-9069-2d1632d9cf45,
373,https://data.datatourisme.fr/13/984b427a-8136-30cb-a237-0d63239b0e03,kb:Culture
374,https://data.datatourisme.fr/13/987acfe7-7713-3394-aad4-d11adaeefb32,kb:Canyoning
375,https://data.datatourisme.fr/13/991b4196-f509-3076-b4cb-d8a242a40bc7,
376,https://data.datatourisme.fr/13/994bf0c6-c98d-36de-bad1-712b23d58b87,kb:Culture
377,https://data.datatourisme.fr/13/99b2c985-7e76-3604-86e3-9efc566aae9c,
378,https://data.datatourisme.fr/13/99de22b7-d126-322d-b15e-feb6c907c19c,
379,https://data.datatourisme.fr/13/9a5e67f4-2a35-3b2e-8bcb-88b09c15b6c8,
380,https://data.datatourisme.fr/13/9aba6427-5ab3-37af-9b70-52c640bfbe37,
381,https://data.datatourisme.fr/13/9b0674f7-8c70-332c-bd80-ae961f203362,
382,https://data.datatourisme.fr/13/9c59816b-2e2c-3ebf-9a44-9a0ad046e886,
383,https://data.datatourisme.fr/13/9cec75a4-6d2f-31f8-b830-a203a9a3c34c,kb:Bathing
384,https://data.datatourisme.fr/13/9db3aa79-4eed-34dd-ba68-79360ed37774,kb:FourWheelDrive
385,https://data.datatourisme.fr/13/9df168de-2aba-388c-8e5f-388fd7c27495,kb:EscapeGame
385,https://data.datatourisme.fr/13/9df168de-2aba-388c-8e5f-388fd7c27495,kb:Squash
386,https://data.datatourisme.fr/13/9e4a1037-4182-3c27-b7cb-833ddc28cf29,kb:Buggy
386,https://data.datatourisme.fr/13/9e4a1037-4182-3c27-b7cb-833ddc28cf29,kb:Quad
387,https://data.datatourisme.fr/13/9e6632af-8d20-300e-8420-da0580394808,kb:Bathing
387,https://data.datatourisme.fr/13/9e6632af-8d20-300e-8420-da0580394808,kb:Boules
387,https://data.datatourisme.fr/13/9e6632af-8d20-300e-8420-da0580394808,kb:Hiking
387,https://data.datatourisme.fr/13/9e6632af-8d20-300e-8420-da0580394808,kb:MiniGolf
387,https://data.datatourisme.fr/13/9e6632af-8d20-300e-8420-da0580394808,kb:Riding
387,https://data.datatourisme.fr/13/9e6632af-8d20-300e-8420-da0580394808,kb:Swimming
387,https://data.datatourisme.fr/13/9e6632af-8d20-300e-8420-da0580394808,kb:Tennis
388,https://data.datatourisme.fr/13/9f06812f-9639-320a-b75b-fdf587c553e8,
389,https://data.datatourisme.fr/13/9f7e2f7b-39ff-304f-b29c-506d2276ff27,kb:MediterraneanCuisine
390,https://data.datatourisme.fr/13/a08761a2-b0bf-3fa1-b144-93e35a7ae08f,kb:ATV
390,https://data.datatourisme.fr/13/a08761a2-b0bf-3fa1-b144-93e35a7ae08f,kb:BicycleTouring
390,https://data.datatourisme.fr/13/a08761a2-b0bf-3fa1-b144-93e35a7ae08f,kb:Bike
390,https://data.datatourisme.fr/13/a08761a2-b0bf-3fa1-b144-93e35a7ae08f,kb:Cycling
390,https://data.datatourisme.fr/13/a08761a2-b0bf-3fa1-b144-93e35a7ae08f,kb:ElectricATV
390,https://data.datatourisme.fr/13/a08761a2-b0bf-3fa1-b144-93e35a7ae08f,kb:ElectricBike
390,https://data.datatourisme.fr/13/a08761a2-b0bf-3fa1-b144-93e35a7ae08f,kb:ElectricallyAssistedBicycle
391,https://data.datatourisme.fr/13/a0b4d225-67ca-334c-b4e7-461cb3f60f55,kb:MediterraneanCuisine
392,https://data.datatourisme.fr/13/a1234078-7fd5-30c8-9c8b-818bac54a127,kb:Culture
393,https://data.datatourisme.fr/13/a1bbcee8-1c0e-3089-873b-1f531e7fd66a,
394,https://data.datatourisme.fr/13/a261f68b-5824-36f7-a310-bd9febf2c616,kb:Culture
395,https://data.datatourisme.fr/13/a28b1be8-3226-3ba9-82e2-f47b407132a9,kb:SeaKayaking
395,https://data.datatourisme.fr/13/a28b1be8-3226-3ba9-82e2-f47b407132a9,kb:SportSailing
395,https://data.datatourisme.fr/13/a28b1be8-3226-3ba9-82e2-f47b407132a9,kb:StandupPaddleboarding
395,https://data.datatourisme.fr/13/a28b1be8-3226-3ba9-82e2-f47b407132a9,kb:Windsurfing
396,https://data.datatourisme.fr/13/a32e86b1-d8ee-3a42-86bc-02b478aa0d13,
397,https://data.datatourisme.fr/13/a330d62e-22d0-3e3e-a614-d9a56eabc547,
398,https://data.datatourisme.fr/13/a33f981f-de1f-3dde-b238-dca096c7e518,kb:MediterraneanCuisine
399,https://data.datatourisme.fr/13/a3550431-7733-3cdf-909e-c28f1f94d439,
400,https://data.datatourisme.fr/13/a4422c50-6ce5-328a-b4c7-6a987687a235,kb:MediterraneanCuisine
401,https://data.datatourisme.fr/13/a446fc68-ec40-3001-abeb-356fd31bafbb,kb:SeaKayaking
401,https://data.datatourisme.fr/13/a446fc68-ec40-3001-abeb-356fd31bafbb,kb:Snorkeling
402,https://data.datatourisme.fr/13/a44ba21a-9426-3c0d-8389-84c4959201d9,
403,https://data.datatourisme.fr/13/a496be91-c564-30ad-a60f-83aed067cdac,kb:MiniGolf
404,https://data.datatourisme.fr/13/a4bd23a0-0e44-3840-a28a-e718cd6929f9,
405,https://data.datatourisme.fr/13/a50782eb-c3c5-3291-9cbb-ae5054d13885,kb:Diving
406,https://data.datatourisme.fr/13/a5313b37-8d34-3c11-8d8e-4845fc0abf28,
407,https://data.datatourisme.fr/13/a563f678-babe-3399-8910-b8a3659f2dfd,kb:Canyoning
408,https://data.datatourisme.fr/13/a5d3fd51-d7c7-3349-9d88-b878d561e004,kb:SportSailing
409,https://data.datatourisme.fr/13/a664ba16-3a53-35b9-8a60-b3bd5d44cc57,
410,https://data.datatourisme.fr/13/a7a3ed66-d06d-3d42-bb65-96d8a3d240c2,
411,https://data.datatourisme.fr/13/a9192692-9bb5-315e-bb7e-83e1438a4d7b,kb:MediterraneanCuisine
412,https://data.datatourisme.fr/13/a94cfec5-fdc2-3cff-b77d-8c10ba5c5ebe,kb:MediterraneanCuisine
413,https://data.datatourisme.fr/13/aa233abc-9c20-3c68-9311-2085cb5dfb83,
414,https://data.datatourisme.fr/13/aa9dbc97-fe28-36df-8446-7c56f8e309c0,kb:Bathing
415,https://data.datatourisme.fr/13/ab20c9e7-0d8a-3fd4-811a-d9b33fa0379a,
416,https://data.datatourisme.fr/13/ab2d04d2-388b-3c86-add7-496ce92cb9a7,kb:MediterraneanCuisine
417,https://data.datatourisme.fr/13/abd152d9-d0e7-36d6-b0ae-1d4c7d0504d7,
418,https://data.datatourisme.fr/13/ac176aa3-67f0-3ee5-9336-6a84a80cfd99,
419,https://data.datatourisme.fr/13/acee1da0-17b9-3a55-9342-28be3efc156d,kb:Buggy
419,https://data.datatourisme.fr/13/acee1da0-17b9-3a55-9342-28be3efc156d,kb:FourWheelDrive
419,https://data.datatourisme.fr/13/acee1da0-17b9-3a55-9342-28be3efc156d,kb:Quad
420,https://data.datatourisme.fr/13/ad233eb8-7120-3431-9608-558165ebb59d,
421,https://data.datatourisme.fr/13/ad26db29-06f1-3b3d-b34b-673155895346,kb:MediterraneanCuisine
422,https://data.datatourisme.fr/13/ad305b34-2a72-325b-b64a-0c549770ccb1,
423,https://data.datatourisme.fr/13/ad3c67a7-adb7-3ad9-8c72-d15b401f7eb6,
424,https://data.datatourisme.fr/13/ad7ad63c-9b43-357b-aead-66e15e27c075,kb:FourWheelDrive
425,https://data.datatourisme.fr/13/adda5359-f234-3d65-8b64-3391bc2a0fd6,
426,https://data.datatourisme.fr/13/ae248c88-f838-39fd-bdf6-8f6c71ff4d2c,kb:PonyRide
426,https://data.datatourisme.fr/13/ae248c88-f838-39fd-bdf6-8f6c71ff4d2c,kb:Riding
427,https://data.datatourisme.fr/13/ae972c78-d94a-3e01-bb2d-66e87d83e6bf,kb:Hiking
427,https://data.datatourisme.fr/13/ae972c78-d94a-3e01-bb2d-66e87d83e6bf,kb:Orienteering
428,https://data.datatourisme.fr/13/af2aff86-b2f8-338f-b3d2-a2140018952a,
429,https://data.datatourisme.fr/13/af995a4c-e616-3992-95a2-6a9b7df536cf,
430,https://data.datatourisme.fr/13/b1228fbe-a44e-3b2a-b14c-afb3a41413b0,
431,https://data.datatourisme.fr/13/b1ee6b22-e74d-31ae-9e06-7f612a7c9836,
432,https://data.datatourisme.fr/13/b26b3595-d776-38a9-884e-d594964a1880,
433,https://data.datatourisme.fr/13/b2dd8a9a-9ade-33d6-b2d9-a955ddfda2c1,
434,https://data.datatourisme.fr/13/b32e8762-9eec-36d3-8385-02905bfb2d67,kb:MediterraneanCuisine
435,https://data.datatourisme.fr/13/b34624d0-2e4c-3b17-a2cb-4034f20e8878,
436,https://data.datatourisme.fr/13/b3520bfc-803a-3325-a59f-b6399fd71883,kb:FourWheelDrive
437,https://data.datatourisme.fr/13/b372dc05-874b-36c7-b570-3d2d858dabea,
438,https://data.datatourisme.fr/13/b3817b62-9ffc-3e96-a38e-c3242c4f04d5,kb:TowableTube
438,https://data.datatourisme.fr/13/b3817b62-9ffc-3e96-a38e-c3242c4f04d5,kb:Wakeboarding
438,https://data.datatourisme.fr/13/b3817b62-9ffc-3e96-a38e-c3242c4f04d5,kb:WaterSkiing
439,https://data.datatourisme.fr/13/b3a08297-6faf-366e-a80d-0c781eb83455,kb:Buggy
439,https://data.datatourisme.fr/13/b3a08297-6faf-366e-a80d-0c781eb83455,kb:Quad
440,https://data.datatourisme.fr/13/b3f18353-bac8-36c6-bc72-a69de5ab63d3,kb:MediterraneanCuisine
441,https://data.datatourisme.fr/13/b4035e3b-7b2f-35a8-99c3-c3f6a320fa21,
442,https://data.datatourisme.fr/13/b4737fcd-3741-3dab-8f5a-2552be1e647d,kb:Hiking
443,https://data.datatourisme.fr/13/b53435cd-6bf7-314d-ac87-8077e72c3541,
444,https://data.datatourisme.fr/13/b53b75c1-e3a7-3390-af72-b52af9bea310,
445,https://data.datatourisme.fr/13/b56d0f3e-d113-3969-bc51-731cf3f01c10,kb:FourWheelDrive
446,https://data.datatourisme.fr/13/b5b8fda5-9555-30e4-acf6-29cb5e5f5444,
447,https://data.datatourisme.fr/13/b5ce834b-62ac-3760-93bd-1b5acdbfdf3c,kb:Culture
448,https://data.datatourisme.fr/13/b6282439-7cfc-31e7-8bdf-8e4c935fafc6,kb:SeaKayaking
448,https://data.datatourisme.fr/13/b6282439-7cfc-31e7-8bdf-8e4c935fafc6,kb:StandupPaddleboarding
449,https://data.datatourisme.fr/13/b63d1ecd-efa3-3b0a-8b31-76aba9acc7c5,
450,https://data.datatourisme.fr/13/b707c543-ffc4-3822-9329-e1569042c600,kb:Culture
451,https://data.datatourisme.fr/13/b72a11ff-cc51-3e2d-a817-db4c033b75dd,
452,https://data.datatourisme.fr/13/b78a43cd-be00-31fb-966f-bdfc4349bbec,
453,https://data.datatourisme.fr/13/b82c50b6-a59b-3de4-aa22-481039fc8835,kb:MediterraneanCuisine
454,https://data.datatourisme.fr/13/b89995cb-2183-3a04-83b9-a69d37de4e0f,kb:Catamaran
454,https://data.datatourisme.fr/13/b89995cb-2183-3a04-83b9-a69d37de4e0f,kb:SeaKayaking
454,https://data.datatourisme.fr/13/b89995cb-2183-3a04-83b9-a69d37de4e0f,kb:SportSailing
454,https://data.datatourisme.fr/13/b89995cb-2183-3a04-83b9-a69d37de4e0f,kb:StandupPaddleboarding
454,https://data.datatourisme.fr/13/b89995cb-2183-3a04-83b9-a69d37de4e0f,kb:Windsurfing
455,https://data.datatourisme.fr/13/b8f09129-dd1e-3291-a16a-abdc7d1ff326,kb:Culture
456,https://data.datatourisme.fr/13/b96b25af-5d1b-3d80-bafe-87e3e4782081,
457,https://data.datatourisme.fr/13/b96e9529-a605-3e5b-8170-51dc5ee8eceb,
458,https://data.datatourisme.fr/13/ba1222db-4ad3-3008-bf9d-456d2b3c525c,
459,https://data.datatourisme.fr/13/ba954710-d156-36bb-bbe5-0426757e47bb,
460,https://data.datatourisme.fr/13/ba98f8fe-c1e4-3867-80a7-d38da1b4e604,
461,https://data.datatourisme.fr/13/baf56824-5e48-32d7-b7e3-cc201596c93e,kb:Culture
462,https://data.datatourisme.fr/13/bb86e23b-0190-33b1-b989-a59fac454214,
463,https://data.datatourisme.fr/13/bbba189f-c89b-3b0f-8d47-241c994eddcc,kb:MediterraneanCuisine
464,https://data.datatourisme.fr/13/bbbbec33-4264-33e7-918a-ce80a7fa6da3,
465,https://data.datatourisme.fr/13/bbd45001-cc4c-30e2-aa0a-c5d31fe63bf5,
466,https://data.datatourisme.fr/13/bbe83410-c36d-38cf-bf52-d10825b5dc66,kb:SeaKayaking
466,https://data.datatourisme.fr/13/bbe83410-c36d-38cf-bf52-d10825b5dc66,kb:SportSailing
466,https://data.datatourisme.fr/13/bbe83410-c36d-38cf-bf52-d10825b5dc66,kb:StandupPaddleboarding
466,https://data.datatourisme.fr/13/bbe83410-c36d-38cf-bf52-d10825b5dc66,kb:Windsurfing
467,https://data.datatourisme.fr/13/bc168510-c0d1-3812-82b1-bbf2bfe4cd88,kb:MediterraneanCuisine
468,https://data.datatourisme.fr/13/bc6ef10a-f982-3e15-b2e1-5b0a00bcdf1b,kb:MediterraneanCuisine
469,https://data.datatourisme.fr/13/bda562ca-34bd-3172-b9f0-bc1b01ee83e7,
470,https://data.datatourisme.fr/13/be2419b6-04a4-31fc-9184-37fe67f52529,
471,https://data.datatourisme.fr/13/be415e66-6691-3262-99a3-0a9caf4ef2b0,kb:Culture
472,https://data.datatourisme.fr/13/bed8a892-6473-3e75-b25b-974abef4b549,kb:MediterraneanCuisine
473,https://data.datatourisme.fr/13/bf400fdf-0282-34ec-8198-16bc5ae39724,
474,https://data.datatourisme.fr/13/bf933019-f7ef-3913-8196-d135f7daa326,kb:Culture
475,https://data.datatourisme.fr/13/bf95d0a1-7456-3968-bf54-c171eb8ccfb6,kb:MediterraneanCuisine
476,https://data.datatourisme.fr/13/bfad0da4-757d-303f-a1b0-89418447b4f5,
477,https://data.datatourisme.fr/13/c0695133-f600-38c9-97ab-1eca3b9fe9ca,
478,https://data.datatourisme.fr/13/c0d978bc-6957-3633-a4ca-f134918bf390,kb:Culture
479,https://data.datatourisme.fr/13/c0dc53b4-6410-32a0-979c-ba6359f431bf,
480,https://data.datatourisme.fr/13/c11b6f15-d094-324d-8d6a-e223b3ebdb6b,kb:MediterraneanCuisine
481,https://data.datatourisme.fr/13/c15b2175-e388-3e38-ad05-46a1d42b58c0,
482,https://data.datatourisme.fr/13/c17edfc5-ad6a-35d6-9b6f-671c27cd56f5,kb:Canyoning
483,https://data.datatourisme.fr/13/c1bc2da7-88d4-374b-9a5d-7d541c1bbdca,
484,https://data.datatourisme.fr/13/c1c81ad4-0466-3dae-afa9-b2d4da59c35c,
485,https://data.datatourisme.fr/13/c1f2cc0d-10b1-34ad-b73c-fb47d9fda78b,kb:Bathing
486,https://data.datatourisme.fr/13/c1f48014-8c68-3a95-999f-63ae34a88fc5,
487,https://data.datatourisme.fr/13/c2763299-d30b-3748-bd82-d7f749796e26,
488,https://data.datatourisme.fr/13/c2c73af8-d353-35ed-b852-947cb10acb90,kb:MediterraneanCuisine
489,https://data.datatourisme.fr/13/c2ced5d9-f072-3b67-a50d-d9bda2989f1f,
490,https://data.datatourisme.fr/13/c35f4834-39a7-3642-a85b-72960fa2e4e3,kb:FourWheelDrive
491,https://data.datatourisme.fr/13/c3db99a1-8c09-3d61-bf7d-4d7d461d1f95,
492,https://data.datatourisme.fr/13/c45810c5-8c12-3fc4-8f2d-7a8a7c498e70,
493,https://data.datatourisme.fr/13/c546ab1d-6237-30d5-8e1c-78ab047e5404,kb:Tennis
494,https://data.datatourisme.fr/13/c574fe56-fbce-3fb7-a02c-f0607fdb3542,kb:AirSports
494,https://data.datatourisme.fr/13/c574fe56-fbce-3fb7-a02c-f0607fdb3542,kb:Parasailing
494,https://data.datatourisme.fr/13/c574fe56-fbce-3fb7-a02c-f0607fdb3542,kb:StandupPaddleboarding
494,https://data.datatourisme.fr/13/c574fe56-fbce-3fb7-a02c-f0607fdb3542,kb:TowableTube
494,https://data.datatourisme.fr/13/c574fe56-fbce-3fb7-a02c-f0607fdb3542,kb:Wakeboarding
494,https://data.datatourisme.fr/13/c574fe56-fbce-3fb7-a02c-f0607fdb3542,kb:WaterSkiing
495,https://data.datatourisme.fr/13/c5fa23a4-3f76-3490-84fe-5ab3c95276f6,kb:MediterraneanCuisine
496,https://data.datatourisme.fr/13/c645bc60-b1b5-35a5-a1c7-a17fc8336c56,
497,https://data.datatourisme.fr/13/c653e169-8dc8-30f9-9003-3c4d16077d50,
498,https://data.datatourisme.fr/13/c705a758-ff08-3930-b0c1-7fa87723398a,
499,https://data.datatourisme.fr/13/c8b7ae3b-a46f-3f90-9f0c-957fe2b40bbc,
500,https://data.datatourisme.fr/13/c8f96a13-4c1a-33eb-a734-d0e8223dbaa8,
501,https://data.datatourisme.fr/13/c90f3c7a-79c1-32bc-8bda-206c22c4de73,kb:Bathing
502,https://data.datatourisme.fr/13/c930448e-4e33-39b6-bd98-766dc41200bc,
503,https://data.datatourisme.fr/13/c94f9fe9-1edb-308c-9ba2-d88813eef7e2,kb:AirSports
503,https://data.datatourisme.fr/13/c94f9fe9-1edb-308c-9ba2-d88813eef7e2,kb:Skydiving
504,https://data.datatourisme.fr/13/c98a226f-c0a0-3795-a7e0-21983186af6f,kb:Bodybuilding
504,https://data.datatourisme.fr/13/c98a226f-c0a0-3795-a7e0-21983186af6f,kb:Fitness
505,https://data.datatourisme.fr/13/c9cb6975-649a-36c6-923a-79cc85de7321,
506,https://data.datatourisme.fr/13/ca8a4b25-3b9d-38a3-a18a-151a81de01ca,kb:Culture
507,https://data.datatourisme.fr/13/cbbbe0ec-9596-30de-bbb1-f68266df8442,
508,https://data.datatourisme.fr/13/cc8155f4-b0a0-3e96-a70b-6c5333b41f93,kb:Bathing
509,https://data.datatourisme.fr/13/cd036c3e-161d-3ebc-9ade-f165981ae08c,
510,https://data.datatourisme.fr/13/cd04f62d-56a9-3892-a2e9-8305fedf7b99,kb:MediterraneanCuisine
511,https://data.datatourisme.fr/13/cd7d6823-996c-39b8-b3dc-30ba0ef1a1bc,kb:MediterraneanCuisine
512,https://data.datatourisme.fr/13/cdfa7410-734d-3cd0-a122-2d05ea8db36f,
513,https://data.datatourisme.fr/13/cebb8d00-d825-374f-8a07-8ba6dd071881,kb:Culture
514,https://data.datatourisme.fr/13/cf026b23-224d-3937-a3ea-c89dff7e5fa5,
515,https://data.datatourisme.fr/13/cf7dbb63-a91e-3a69-888c-c0a61254f9f0,kb:Riding
516,https://data.datatourisme.fr/13/d0046c25-44e5-34f0-b0a4-0ce2f3d69f08,
517,https://data.datatourisme.fr/13/d0c2a040-0645-3c51-b361-dda40bab9cbf,
518,https://data.datatourisme.fr/13/d1518d39-88b9-3619-aca4-b33412b65a7f,
519,https://data.datatourisme.fr/13/d1922790-8b02-3f9f-875b-1d7194fdc1b7,
520,https://data.datatourisme.fr/13/d1ca2d2b-2ba8-399c-b5b7-d92ebf6406c3,
521,https://data.datatourisme.fr/13/d1ebc771-83cb-392d-a694-66fb57fedae8,
522,https://data.datatourisme.fr/13/d23d2dbe-8500-38e0-9dda-2edb6a3e5e74,
523,https://data.datatourisme.fr/13/d2ea655c-ef63-3198-8bf9-746d954b5adb,kb:MediterraneanCuisine
524,https://data.datatourisme.fr/13/d37cb51e-0f32-3e1f-abc0-48687082d07a,
525,https://data.datatourisme.fr/13/d4142868-84a2-3b08-9666-a0dce7bdab31,
526,https://data.datatourisme.fr/13/d4280094-feff-3cf4-afb2-8e21d3afd8de,kb:TowableTube
526,https://data.datatourisme.fr/13/d4280094-feff-3cf4-afb2-8e21d3afd8de,kb:Wakeboarding
526,https://data.datatourisme.fr/13/d4280094-feff-3cf4-afb2-8e21d3afd8de,kb:WaterSkiing
527,https://data.datatourisme.fr/13/d4d9e1a3-dae8-3106-9ccc-823c40e886f0,
528,https://data.datatourisme.fr/13/d579cf13-48d1-3741-8122-e32bf15b56ce,kb:MediterraneanCuisine
529,https://data.datatourisme.fr/13/d5c15d63-d909-3f7a-a645-3c2e9ae29930,
530,https://data.datatourisme.fr/13/d5fa11f0-66b5-33f3-b645-0ac57835af45,kb:Catamaran
530,https://data.datatourisme.fr/13/d5fa11f0-66b5-33f3-b645-0ac57835af45,kb:SeaKayaking
530,https://data.datatourisme.fr/13/d5fa11f0-66b5-33f3-b645-0ac57835af45,kb:SportSailing
530,https://data.datatourisme.fr/13/d5fa11f0-66b5-33f3-b645-0ac57835af45,kb:StandupPaddleboarding
530,https://data.datatourisme.fr/13/d5fa11f0-66b5-33f3-b645-0ac57835af45,kb:Windsurfing
531,https://data.datatourisme.fr/13/d62ce3ab-feaf-3061-9eb6-f3661826faa3,kb:MediterraneanCuisine
532,https://data.datatourisme.fr/13/d66e0ff2-7a9d-3aaa-a5b1-992e28466925,kb:AirSports
532,https://data.datatourisme.fr/13/d66e0ff2-7a9d-3aaa-a5b1-992e28466925,kb:Helicopter
533,https://data.datatourisme.fr/13/d687003e-773a-33d6-8249-204bfed4346f,kb:FourWheelDrive
534,https://data.datatourisme.fr/13/d6af2f60-58c0-37e3-8d57-ecedffd06a91,
535,https://data.datatourisme.fr/13/d6fcf82e-4da0-3507-9716-3df46fc657ac,
536,https://data.datatourisme.fr/13/d7cfa85e-7944-3103-82cc-a5077b386218,kb:MediterraneanCuisine
537,https://data.datatourisme.fr/13/d7d72c83-df28-3a55-aa88-675c83257514,
538,https://data.datatourisme.fr/13/d8472fc6-e401-3057-883a-4ca5f585fc53,kb:MediterraneanCuisine
539,https://data.datatourisme.fr/13/d8cc3657-f6e9-38a0-a941-76583fb023de,
540,https://data.datatourisme.fr/13/d9af753c-e48f-30b6-b143-01862e96e6bb,
541,https://data.datatourisme.fr/13/d9ba00d6-55a1-3262-a364-56d605b3dce4,kb:Culture
542,https://data.datatourisme.fr/13/da4797b5-fb68-37a4-8e79-89da925afbd4,
543,https://data.datatourisme.fr/13/da8ab52d-b622-33ab-a448-6dc37e2ca744,
544,https://data.datatourisme.fr/13/dad41ee1-c9d1-3c75-a19d-ebcde55f42f7,kb:MediterraneanCuisine
545,https://data.datatourisme.fr/13/dd51f605-1c69-3ebd-9663-0bf9e4e186b2,kb:MediterraneanCuisine
546,https://data.datatourisme.fr/13/dd8a5594-837a-351e-86a9-1c5e2031fbba,
547,https://data.datatourisme.fr/13/dda1558d-238d-3d81-b1df-9dc683590846,kb:AirSports
547,https://data.datatourisme.fr/13/dda1558d-238d-3d81-b1df-9dc683590846,kb:Kitesurfing
548,https://data.datatourisme.fr/13/ddc3c6b9-04cb-3b7a-b7a0-936baf09862b,
549,https://data.datatourisme.fr/13/ddd65267-c414-3400-a746-727f46768747,
550,https://data.datatourisme.fr/13/de0ce8d7-1805-3623-a15a-ccfd11a52ea1,
551,https://data.datatourisme.fr/13/de40ded2-631c-353b-8e3b-436671789661,
552,https://data.datatourisme.fr/13/de73d5e0-8e40-3359-b8b5-68af3e39dfac,
553,https://data.datatourisme.fr/13/debcb17c-ecf9-3638-a9a1-6c5b44e04f7f,kb:MediterraneanCuisine
554,https://data.datatourisme.fr/13/dedfb290-7edc-3610-9927-9fe9036a158a,
555,https://data.datatourisme.fr/13/df4e62c1-20cc-3901-8f51-8a415819252a,
556,https://data.datatourisme.fr/13/df5d29ec-55cd-37f3-a81f-f0db6c10c0f1,
557,https://data.datatourisme.fr/13/dfac088e-5fea-379f-9c67-850422e85c88,kb:Bike
558,https://data.datatourisme.fr/13/dfbb7900-cfa9-35a1-80ef-1b2399983cef,
559,https://data.datatourisme.fr/13/e0a0a43d-debe-30dc-afb2-cb8ca4462312,
560,https://data.datatourisme.fr/13/e1580658-e762-3257-a7c8-e2f3cd0cb132,kb:MediterraneanCuisine
561,https://data.datatourisme.fr/13/e171c4ff-2bb5-3283-b6a6-2e6923dec774,
562,https://data.datatourisme.fr/13/e208affb-bcbc-3041-b66a-c0c2acbc0ed9,
563,https://data.datatourisme.fr/13/e2a25b37-e257-3d89-bb36-2b61565e322a,
564,https://data.datatourisme.fr/13/e318eadc-dee9-3f52-abc0-f9698e99ad79,
565,https://data.datatourisme.fr/13/e4a984da-bd72-312a-95b6-883a7b19da0e,kb:FourWheelDrive
566,https://data.datatourisme.fr/13/e59bbbf7-e338-3fb7-aca1-0e42b255a00f,kb:Culture
567,https://data.datatourisme.fr/13/e640e99f-d868-387c-9703-592fea3ff9c6,kb:AirSports
567,https://data.datatourisme.fr/13/e640e99f-d868-387c-9703-592fea3ff9c6,kb:Parasailing
568,https://data.datatourisme.fr/13/e6b4ba76-4e79-3d7a-a7f6-0e900f14febb,
569,https://data.datatourisme.fr/13/e8cfd848-2107-32bd-b663-6854d7845ca0,
570,https://data.datatourisme.fr/13/e90e84d1-0928-3004-9fac-6e591bd40a5b,kb:Culture
570,https://data.datatourisme.fr/13/e90e84d1-0928-3004-9fac-6e591bd40a5b,kb:Riding
571,https://data.datatourisme.fr/13/e98c92cc-4d26-3b08-8a64-6091f6220324,kb:Culture
572,https://data.datatourisme.fr/13/e9f6e37c-90fe-3e83-ac62-24fff221f9a5,kb:Culture
573,https://data.datatourisme.fr/13/eac35e9b-1be3-3cbc-93a0-12ebd8154116,
574,https://data.datatourisme.fr/13/ec8b2c14-b4b7-32e9-91fe-f8a1cc359555,kb:MediterraneanCuisine
575,https://data.datatourisme.fr/13/ec903f8f-161b-3ef3-a0b2-d914bde04526,
576,https://data.datatourisme.fr/13/ecd4f0ab-2883-3048-bf3f-d96f46998149,
577,https://data.datatourisme.fr/13/ed2dc260-8c8a-325c-8ebc-e65e8d201c36,kb:MediterraneanCuisine
578,https://data.datatourisme.fr/13/ed78264d-a88a-32d1-821e-72175a80a486,kb:Bathing
579,https://data.datatourisme.fr/13/ed9e6663-5258-3804-95ad-05f72576586c,kb:MediterraneanCuisine
580,https://data.datatourisme.fr/13/ee089dd5-3e57-3bb2-b1ca-208f697527d1,kb:Culture
581,https://data.datatourisme.fr/13/ee9c1fdf-d0d5-30e6-b910-11a8749d6b14,
582,https://data.datatourisme.fr/13/eea2ea1a-d368-3401-a3c9-53162c24467d,
583,https://data.datatourisme.fr/13/ef343df0-1552-33a7-96bf-f534bda83a3e,
584,https://data.datatourisme.fr/13/ef3c2fa1-cca7-3b60-ba82-67bf3c1ed908,
585,https://data.datatourisme.fr/13/eff7a491-9c8e-3f3b-bf47-376dbd19f074,kb:Diving
585,https://data.datatourisme.fr/13/eff7a491-9c8e-3f3b-bf47-376dbd19f074,kb:Snorkeling
586,https://data.datatourisme.fr/13/f02be772-451a-32c0-b875-ce02efca794b,kb:Fitness
586,https://data.datatourisme.fr/13/f02be772-451a-32c0-b875-ce02efca794b,kb:NordicWalking
586,https://data.datatourisme.fr/13/f02be772-451a-32c0-b875-ce02efca794b,kb:Pilates
586,https://data.datatourisme.fr/13/f02be772-451a-32c0-b875-ce02efca794b,kb:Yoga
587,https://data.datatourisme.fr/13/f12849d8-cf11-3608-9272-556f90c90d93,
588,https://data.datatourisme.fr/13/f1639b27-8523-3ff2-962e-df750fba9e44,
589,https://data.datatourisme.fr/13/f1bb3a1e-296c-3d5b-8464-7aed7e48fff0,
590,https://data.datatourisme.fr/13/f1efd272-5027-3574-a7ff-6b716fe72c8e,kb:MediterraneanCuisine
591,https://data.datatourisme.fr/13/f2c536d3-e2f5-3a61-b7e7-b2a378f70928,
592,https://data.datatourisme.fr/13/f2c782d6-6bba-3a00-95e9-888fc382c2da,
593,https://data.datatourisme.fr/13/f2f32a7c-b408-3aa9-86bb-d324db79b367,
594,https://data.datatourisme.fr/13/f30a1038-6131-3181-9116-57ef6e4f15f9,kb:ATV
594,https://data.datatourisme.fr/13/f30a1038-6131-3181-9116-57ef6e4f15f9,kb:Bike
594,https://data.datatourisme.fr/13/f30a1038-6131-3181-9116-57ef6e4f15f9,kb:ElectricATV
595,https://data.datatourisme.fr/13/f30a2efa-3b01-33af-a455-73586799694f,
596,https://data.datatourisme.fr/13/f32189f7-6ad0-3f0b-ae1e-4c24d22270bc,kb:Hiking
596,https://data.datatourisme.fr/13/f32189f7-6ad0-3f0b-ae1e-4c24d22270bc,kb:NordicWalking
596,https://data.datatourisme.fr/13/f32189f7-6ad0-3f0b-ae1e-4c24d22270bc,kb:Orienteering
596,https://data.datatourisme.fr/13/f32189f7-6ad0-3f0b-ae1e-4c24d22270bc,kb:Snowshoes
596,https://data.datatourisme.fr/13/f32189f7-6ad0-3f0b-ae1e-4c24d22270bc,kb:Wintersports
597,https://data.datatourisme.fr/13/f33c28b9-6682-32b9-892d-275946db06f5,kb:Quad
598,https://data.datatourisme.fr/13/f3686263-46b5-3c35-a661-f420fe63f8ed,
599,https://data.datatourisme.fr/13/f378be33-92c4-397a-bab1-0535a2aa85ac,
600,https://data.datatourisme.fr/13/f382fd59-100c-3dc5-b52f-579a6932c27c,kb:FourWheelDrive
601,https://data.datatourisme.fr/13/f3a4de91-cd6a-39fe-bafe-d560689b7aaf,
602,https://data.datatourisme.fr/13/f3a5cbc1-a4ab-36a8-9b18-bbcede382ef9,
603,https://data.datatourisme.fr/13/f45190d2-1587-3b41-b88a-d911aeb73ccb,kb:DonkeyHiking
603,https://data.datatourisme.fr/13/f45190d2-1587-3b41-b88a-d911aeb73ccb,kb:Hiking
603,https://data.datatourisme.fr/13/f45190d2-1587-3b41-b88a-d911aeb73ccb,kb:Riding
604,https://data.datatourisme.fr/13/f45fb4a8-4f61-3085-b67b-54d8441013a6,kb:MediterraneanCuisine
605,https://data.datatourisme.fr/13/f468669f-eddb-356d-80c1-affe9d13aa13,kb:Culture
606,https://data.datatourisme.fr/13/f67303d0-6c95-331a-890a-011b356b3c8e,
607,https://data.datatourisme.fr/13/f73219e0-2ce7-34da-8630-1684ded372a7,
608,https://data.datatourisme.fr/13/f8f9d1e3-6f3c-3da8-9957-af522ba2c2fc,
609,https://data.datatourisme.fr/13/f90034b8-53e8-3200-8d22-6fb71fd4edc8,
610,https://data.datatourisme.fr/13/f92ded0c-31f0-30e7-8034-c72ae98bc125,
611,https://data.datatourisme.fr/13/f945cd0a-513e-35f9-8ba3-1977ff4ada4f,
612,https://data.datatourisme.fr/13/f9a59e86-8f1f-3ac3-af08-a6dfcfe05d7a,kb:MediterraneanCuisine
613,https://data.datatourisme.fr/13/fa7825d8-b735-32c6-a2c9-1bc478c5932e,
614,https://data.datatourisme.fr/13/faf2c360-00b4-3be5-8238-939ec6f05a7b,kb:ATV
614,https://data.datatourisme.fr/13/faf2c360-00b4-3be5-8238-939ec6f05a7b,kb:Bike
614,https://data.datatourisme.fr/13/faf2c360-00b4-3be5-8238-939ec6f05a7b,kb:Canyoning
614,https://data.datatourisme.fr/13/faf2c360-00b4-3be5-8238-939ec6f05a7b,kb:ElectricATV
614,https://data.datatourisme.fr/13/faf2c360-00b4-3be5-8238-939ec6f05a7b,kb:ElectricBike
614,https://data.datatourisme.fr/13/faf2c360-00b4-3be5-8238-939ec6f05a7b,kb:ElectricallyAssistedBicycle
614,https://data.datatourisme.fr/13/faf2c360-00b4-3be5-8238-939ec6f05a7b,kb:Hiking
614,https://data.datatourisme.fr/13/faf2c360-00b4-3be5-8238-939ec6f05a7b,kb:Orienteering
614,https://data.datatourisme.fr/13/faf2c360-00b4-3be5-8238-939ec6f05a7b,kb:Running
614,https://data.datatourisme.fr/13/faf2c360-00b4-3be5-8238-939ec6f05a7b,kb:Snowshoes
614,https://data.datatourisme.fr/13/faf2c360-00b4-3be5-8238-939ec6f05a7b,kb:Trail
614,https://data.datatourisme.fr/13/faf2c360-00b4-3be5-8238-939ec6f05a7b,kb:Wintersports
615,https://data.datatourisme.fr/13/fb67bc39-0a6b-3f15-a998-d0a07cbc7f64,
616,https://data.datatourisme.fr/13/fc75c0ce-27eb-3eb6-8870-d86b604af438,
617,https://data.datatourisme.fr/13/fc91f6cf-6cb9-3c89-b4e9-a651ca19c886,
618,https://data.datatourisme.fr/13/fe353538-c261-34f3-aeca-dac0a0353d50,
619,https://data.datatourisme.fr/13/fee026aa-0aa1-3bc8-bf55-c072e332a38f,kb:Bathing
620,https://data.datatourisme.fr/13/ff22bb83-6515-3e5a-bef4-7c19c38d13d9,kb:MediterraneanCuisine
621,https://data.datatourisme.fr/13/ffc6590c-e617-33bc-af76-d1f7d487e6fa,kb:MediterraneanCuisine
622,https://data.datatourisme.fr/13/ffe728c8-9066-38ff-ac86-e25d3d0bdf87,
